id,predicted
1,plane
2,ship
3,truck
4,truck
5,plane
6,cat
7,frog
8,ship
9,horse
10,ship
11,truck
12,frog
13,frog
14,dog
15,ship
16,horse
17,bird
18,ship
19,cat
20,plane
21,car
22,ship
23,deer
24,frog
25,ship
26,dog
27,frog
28,plane
29,ship
30,ship
31,truck
32,cat
33,frog
34,frog
35,truck
36,ship
37,frog
38,ship
39,car
40,deer
41,deer
42,ship
43,dog
44,frog
45,truck
46,frog
47,cat
48,frog
49,truck
50,bird
51,frog
52,frog
53,truck
54,ship
55,plane
56,truck
57,bird
58,truck
59,car
60,plane
61,plane
62,plane
63,deer
64,bird
65,ship
66,car
67,deer
68,frog
69,deer
70,dog
71,deer
72,frog
73,ship
74,cat
75,dog
76,horse
77,horse
78,ship
79,plane
80,ship
81,car
82,deer
83,dog
84,truck
85,plane
86,frog
87,ship
88,deer
89,dog
90,frog
91,ship
92,truck
93,cat
94,plane
95,frog
96,frog
97,horse
98,truck
99,plane
100,ship
101,plane
102,cat
103,plane
104,bird
105,deer
106,plane
107,plane
108,car
109,frog
110,plane
111,plane
112,dog
113,deer
114,car
115,plane
116,deer
117,plane
118,bird
119,deer
120,truck
121,bird
122,deer
123,truck
124,bird
125,horse
126,bird
127,dog
128,truck
129,plane
130,horse
131,frog
132,plane
133,truck
134,car
135,frog
136,dog
137,frog
138,dog
139,deer
140,dog
141,car
142,cat
143,dog
144,ship
145,horse
146,cat
147,ship
148,ship
149,deer
150,deer
151,truck
152,frog
153,truck
154,frog
155,frog
156,car
157,truck
158,dog
159,frog
160,truck
161,dog
162,horse
163,plane
164,plane
165,dog
166,plane
167,plane
168,frog
169,plane
170,horse
171,bird
172,deer
173,truck
174,deer
175,deer
176,dog
177,bird
178,horse
179,car
180,ship
181,ship
182,car
183,ship
184,horse
185,deer
186,car
187,car
188,ship
189,horse
190,cat
191,deer
192,cat
193,car
194,plane
195,plane
196,deer
197,frog
198,frog
199,ship
200,ship
201,dog
202,plane
203,ship
204,deer
205,deer
206,dog
207,plane
208,ship
209,frog
210,cat
211,car
212,car
213,ship
214,truck
215,frog
216,ship
217,frog
218,plane
219,frog
220,bird
221,car
222,truck
223,truck
224,car
225,deer
226,deer
227,frog
228,frog
229,cat
230,cat
231,plane
232,ship
233,frog
234,truck
235,plane
236,truck
237,cat
238,ship
239,ship
240,truck
241,horse
242,ship
243,deer
244,truck
245,ship
246,deer
247,dog
248,deer
249,cat
250,truck
251,frog
252,frog
253,cat
254,ship
255,truck
256,bird
257,truck
258,truck
259,horse
260,plane
261,truck
262,dog
263,truck
264,plane
265,truck
266,truck
267,ship
268,deer
269,deer
270,bird
271,ship
272,deer
273,car
274,frog
275,dog
276,dog
277,truck
278,car
279,ship
280,bird
281,deer
282,truck
283,horse
284,horse
285,deer
286,plane
287,frog
288,car
289,car
290,truck
291,cat
292,plane
293,frog
294,horse
295,ship
296,deer
297,truck
298,ship
299,truck
300,frog
301,horse
302,horse
303,frog
304,frog
305,bird
306,horse
307,car
308,deer
309,truck
310,plane
311,plane
312,ship
313,frog
314,truck
315,bird
316,car
317,truck
318,dog
319,horse
320,truck
321,frog
322,frog
323,dog
324,plane
325,horse
326,truck
327,plane
328,cat
329,frog
330,deer
331,truck
332,plane
333,ship
334,car
335,frog
336,dog
337,ship
338,truck
339,horse
340,truck
341,dog
342,frog
343,cat
344,bird
345,cat
346,plane
347,ship
348,deer
349,bird
350,truck
351,frog
352,frog
353,deer
354,cat
355,bird
356,dog
357,bird
358,horse
359,truck
360,truck
361,truck
362,ship
363,frog
364,frog
365,truck
366,plane
367,frog
368,dog
369,car
370,cat
371,plane
372,cat
373,horse
374,plane
375,ship
376,truck
377,deer
378,frog
379,deer
380,dog
381,horse
382,horse
383,dog
384,truck
385,truck
386,frog
387,cat
388,deer
389,truck
390,cat
391,dog
392,dog
393,car
394,frog
395,dog
396,frog
397,ship
398,dog
399,deer
400,frog
401,ship
402,bird
403,deer
404,plane
405,car
406,cat
407,truck
408,horse
409,plane
410,plane
411,cat
412,car
413,plane
414,bird
415,bird
416,frog
417,frog
418,cat
419,car
420,horse
421,frog
422,truck
423,ship
424,cat
425,truck
426,bird
427,plane
428,truck
429,horse
430,ship
431,plane
432,truck
433,ship
434,cat
435,plane
436,ship
437,cat
438,plane
439,plane
440,car
441,car
442,cat
443,car
444,frog
445,car
446,deer
447,bird
448,truck
449,horse
450,plane
451,car
452,horse
453,dog
454,truck
455,car
456,truck
457,truck
458,deer
459,plane
460,truck
461,car
462,bird
463,bird
464,ship
465,frog
466,truck
467,deer
468,plane
469,dog
470,truck
471,frog
472,truck
473,horse
474,cat
475,car
476,car
477,bird
478,horse
479,plane
480,deer
481,plane
482,dog
483,horse
484,frog
485,car
486,ship
487,frog
488,cat
489,dog
490,plane
491,frog
492,frog
493,horse
494,truck
495,plane
496,plane
497,bird
498,frog
499,plane
500,cat
501,car
502,frog
503,frog
504,frog
505,horse
506,frog
507,car
508,dog
509,frog
510,deer
511,dog
512,plane
513,horse
514,truck
515,deer
516,plane
517,truck
518,cat
519,car
520,frog
521,plane
522,frog
523,deer
524,deer
525,ship
526,cat
527,dog
528,dog
529,dog
530,ship
531,deer
532,dog
533,horse
534,cat
535,deer
536,truck
537,car
538,truck
539,frog
540,plane
541,ship
542,frog
543,frog
544,car
545,truck
546,truck
547,frog
548,bird
549,plane
550,dog
551,car
552,truck
553,cat
554,deer
555,plane
556,horse
557,frog
558,ship
559,truck
560,frog
561,deer
562,car
563,dog
564,frog
565,frog
566,deer
567,frog
568,frog
569,car
570,dog
571,plane
572,plane
573,car
574,horse
575,cat
576,deer
577,car
578,cat
579,car
580,frog
581,frog
582,bird
583,car
584,bird
585,car
586,horse
587,car
588,dog
589,bird
590,plane
591,frog
592,truck
593,truck
594,deer
595,cat
596,frog
597,ship
598,ship
599,ship
600,ship
601,frog
602,deer
603,frog
604,dog
605,plane
606,bird
607,car
608,deer
609,bird
610,car
611,horse
612,horse
613,dog
614,dog
615,truck
616,frog
617,horse
618,deer
619,ship
620,ship
621,frog
622,cat
623,plane
624,deer
625,frog
626,deer
627,truck
628,frog
629,truck
630,deer
631,car
632,horse
633,plane
634,frog
635,car
636,frog
637,ship
638,deer
639,dog
640,car
641,frog
642,deer
643,horse
644,plane
645,dog
646,bird
647,plane
648,bird
649,bird
650,ship
651,car
652,dog
653,plane
654,car
655,car
656,truck
657,ship
658,plane
659,horse
660,plane
661,ship
662,ship
663,bird
664,frog
665,ship
666,truck
667,ship
668,horse
669,car
670,plane
671,car
672,car
673,truck
674,ship
675,frog
676,truck
677,dog
678,plane
679,dog
680,plane
681,frog
682,car
683,deer
684,deer
685,horse
686,frog
687,frog
688,horse
689,cat
690,plane
691,frog
692,bird
693,dog
694,ship
695,dog
696,cat
697,deer
698,ship
699,dog
700,deer
701,ship
702,horse
703,dog
704,frog
705,plane
706,frog
707,plane
708,frog
709,dog
710,truck
711,cat
712,dog
713,dog
714,ship
715,cat
716,deer
717,dog
718,truck
719,frog
720,plane
721,dog
722,dog
723,car
724,plane
725,car
726,truck
727,ship
728,car
729,dog
730,frog
731,ship
732,frog
733,frog
734,frog
735,truck
736,horse
737,ship
738,plane
739,frog
740,frog
741,car
742,plane
743,frog
744,deer
745,truck
746,horse
747,cat
748,car
749,horse
750,truck
751,dog
752,truck
753,ship
754,bird
755,plane
756,plane
757,frog
758,deer
759,cat
760,frog
761,dog
762,truck
763,frog
764,truck
765,ship
766,ship
767,bird
768,bird
769,ship
770,dog
771,frog
772,truck
773,cat
774,ship
775,car
776,frog
777,deer
778,horse
779,ship
780,car
781,ship
782,frog
783,bird
784,deer
785,plane
786,plane
787,ship
788,dog
789,car
790,deer
791,truck
792,bird
793,ship
794,ship
795,dog
796,car
797,ship
798,truck
799,deer
800,car
801,horse
802,cat
803,cat
804,dog
805,plane
806,ship
807,dog
808,ship
809,dog
810,dog
811,dog
812,plane
813,dog
814,car
815,plane
816,plane
817,bird
818,frog
819,deer
820,truck
821,frog
822,bird
823,truck
824,dog
825,ship
826,dog
827,cat
828,truck
829,ship
830,deer
831,plane
832,frog
833,bird
834,dog
835,deer
836,ship
837,deer
838,cat
839,deer
840,ship
841,dog
842,deer
843,cat
844,dog
845,cat
846,ship
847,car
848,cat
849,car
850,car
851,truck
852,dog
853,dog
854,truck
855,car
856,bird
857,car
858,ship
859,cat
860,cat
861,ship
862,truck
863,truck
864,ship
865,ship
866,frog
867,deer
868,ship
869,bird
870,horse
871,frog
872,car
873,dog
874,horse
875,horse
876,cat
877,dog
878,dog
879,frog
880,cat
881,truck
882,car
883,truck
884,bird
885,plane
886,car
887,plane
888,deer
889,ship
890,truck
891,ship
892,frog
893,frog
894,car
895,deer
896,bird
897,plane
898,plane
899,ship
900,car
901,car
902,ship
903,plane
904,frog
905,frog
906,dog
907,car
908,ship
909,plane
910,cat
911,frog
912,horse
913,frog
914,car
915,cat
916,ship
917,horse
918,truck
919,frog
920,ship
921,bird
922,truck
923,cat
924,ship
925,dog
926,truck
927,ship
928,ship
929,car
930,deer
931,dog
932,horse
933,plane
934,plane
935,truck
936,frog
937,car
938,plane
939,cat
940,dog
941,deer
942,ship
943,dog
944,cat
945,deer
946,bird
947,truck
948,truck
949,truck
950,frog
951,truck
952,truck
953,frog
954,ship
955,frog
956,plane
957,frog
958,truck
959,horse
960,frog
961,frog
962,cat
963,deer
964,truck
965,frog
966,ship
967,frog
968,bird
969,horse
970,frog
971,frog
972,car
973,deer
974,car
975,frog
976,car
977,dog
978,frog
979,cat
980,frog
981,ship
982,plane
983,frog
984,horse
985,frog
986,cat
987,car
988,bird
989,deer
990,truck
991,horse
992,frog
993,truck
994,cat
995,dog
996,frog
997,ship
998,deer
999,frog
1000,plane
1001,truck
1002,plane
1003,car
1004,plane
1005,ship
1006,truck
1007,truck
1008,cat
1009,truck
1010,dog
1011,bird
1012,horse
1013,dog
1014,deer
1015,dog
1016,dog
1017,frog
1018,horse
1019,deer
1020,bird
1021,deer
1022,frog
1023,deer
1024,bird
1025,truck
1026,car
1027,car
1028,horse
1029,plane
1030,frog
1031,frog
1032,frog
1033,truck
1034,horse
1035,cat
1036,car
1037,horse
1038,plane
1039,dog
1040,horse
1041,frog
1042,cat
1043,frog
1044,ship
1045,ship
1046,bird
1047,cat
1048,cat
1049,car
1050,bird
1051,plane
1052,truck
1053,dog
1054,plane
1055,truck
1056,plane
1057,truck
1058,car
1059,plane
1060,truck
1061,horse
1062,truck
1063,cat
1064,deer
1065,truck
1066,deer
1067,plane
1068,ship
1069,deer
1070,ship
1071,car
1072,cat
1073,plane
1074,frog
1075,truck
1076,car
1077,car
1078,frog
1079,ship
1080,frog
1081,bird
1082,ship
1083,frog
1084,bird
1085,truck
1086,dog
1087,plane
1088,horse
1089,truck
1090,frog
1091,ship
1092,ship
1093,ship
1094,car
1095,car
1096,ship
1097,deer
1098,truck
1099,car
1100,horse
1101,horse
1102,truck
1103,dog
1104,ship
1105,cat
1106,car
1107,truck
1108,deer
1109,dog
1110,horse
1111,ship
1112,ship
1113,cat
1114,ship
1115,ship
1116,truck
1117,frog
1118,truck
1119,car
1120,plane
1121,ship
1122,truck
1123,truck
1124,truck
1125,dog
1126,deer
1127,plane
1128,ship
1129,truck
1130,plane
1131,plane
1132,plane
1133,ship
1134,frog
1135,deer
1136,plane
1137,plane
1138,dog
1139,car
1140,ship
1141,plane
1142,frog
1143,plane
1144,cat
1145,cat
1146,frog
1147,car
1148,deer
1149,car
1150,ship
1151,deer
1152,cat
1153,cat
1154,car
1155,deer
1156,frog
1157,plane
1158,horse
1159,truck
1160,frog
1161,car
1162,truck
1163,bird
1164,cat
1165,car
1166,deer
1167,dog
1168,car
1169,frog
1170,deer
1171,frog
1172,frog
1173,horse
1174,frog
1175,truck
1176,cat
1177,ship
1178,cat
1179,deer
1180,cat
1181,cat
1182,deer
1183,car
1184,frog
1185,plane
1186,truck
1187,cat
1188,cat
1189,frog
1190,frog
1191,horse
1192,ship
1193,frog
1194,truck
1195,dog
1196,dog
1197,truck
1198,dog
1199,deer
1200,truck
1201,frog
1202,car
1203,horse
1204,frog
1205,car
1206,frog
1207,dog
1208,plane
1209,plane
1210,ship
1211,truck
1212,plane
1213,deer
1214,deer
1215,truck
1216,horse
1217,frog
1218,cat
1219,frog
1220,car
1221,frog
1222,ship
1223,plane
1224,plane
1225,truck
1226,ship
1227,truck
1228,frog
1229,car
1230,car
1231,cat
1232,ship
1233,plane
1234,truck
1235,dog
1236,frog
1237,car
1238,cat
1239,plane
1240,deer
1241,dog
1242,plane
1243,plane
1244,ship
1245,ship
1246,ship
1247,cat
1248,truck
1249,bird
1250,cat
1251,ship
1252,truck
1253,cat
1254,dog
1255,car
1256,truck
1257,truck
1258,car
1259,truck
1260,truck
1261,frog
1262,car
1263,plane
1264,bird
1265,car
1266,ship
1267,frog
1268,ship
1269,dog
1270,ship
1271,dog
1272,car
1273,frog
1274,bird
1275,horse
1276,plane
1277,cat
1278,frog
1279,ship
1280,truck
1281,ship
1282,plane
1283,horse
1284,ship
1285,car
1286,deer
1287,frog
1288,truck
1289,ship
1290,plane
1291,ship
1292,horse
1293,ship
1294,frog
1295,car
1296,bird
1297,frog
1298,truck
1299,deer
1300,car
1301,plane
1302,plane
1303,truck
1304,car
1305,car
1306,car
1307,plane
1308,bird
1309,frog
1310,plane
1311,truck
1312,deer
1313,deer
1314,frog
1315,cat
1316,car
1317,truck
1318,car
1319,ship
1320,deer
1321,truck
1322,ship
1323,dog
1324,frog
1325,plane
1326,cat
1327,frog
1328,cat
1329,ship
1330,bird
1331,plane
1332,deer
1333,deer
1334,truck
1335,frog
1336,frog
1337,cat
1338,bird
1339,ship
1340,truck
1341,dog
1342,deer
1343,cat
1344,frog
1345,horse
1346,deer
1347,deer
1348,plane
1349,frog
1350,deer
1351,car
1352,car
1353,bird
1354,dog
1355,truck
1356,horse
1357,deer
1358,truck
1359,plane
1360,truck
1361,plane
1362,deer
1363,dog
1364,cat
1365,ship
1366,plane
1367,deer
1368,deer
1369,frog
1370,car
1371,car
1372,truck
1373,cat
1374,frog
1375,car
1376,truck
1377,truck
1378,frog
1379,deer
1380,car
1381,truck
1382,truck
1383,horse
1384,frog
1385,truck
1386,deer
1387,ship
1388,frog
1389,ship
1390,car
1391,car
1392,car
1393,plane
1394,plane
1395,dog
1396,bird
1397,truck
1398,ship
1399,ship
1400,car
1401,horse
1402,plane
1403,car
1404,frog
1405,car
1406,frog
1407,cat
1408,deer
1409,frog
1410,plane
1411,car
1412,dog
1413,frog
1414,dog
1415,ship
1416,bird
1417,plane
1418,car
1419,plane
1420,frog
1421,horse
1422,car
1423,truck
1424,car
1425,dog
1426,car
1427,cat
1428,deer
1429,plane
1430,truck
1431,truck
1432,frog
1433,plane
1434,plane
1435,truck
1436,truck
1437,bird
1438,plane
1439,ship
1440,ship
1441,car
1442,cat
1443,bird
1444,plane
1445,ship
1446,plane
1447,ship
1448,deer
1449,car
1450,truck
1451,car
1452,deer
1453,horse
1454,frog
1455,deer
1456,cat
1457,horse
1458,cat
1459,dog
1460,dog
1461,truck
1462,cat
1463,dog
1464,plane
1465,horse
1466,car
1467,bird
1468,plane
1469,car
1470,car
1471,frog
1472,horse
1473,deer
1474,car
1475,plane
1476,frog
1477,plane
1478,bird
1479,car
1480,truck
1481,plane
1482,car
1483,car
1484,truck
1485,dog
1486,ship
1487,deer
1488,cat
1489,dog
1490,truck
1491,ship
1492,ship
1493,frog
1494,frog
1495,car
1496,ship
1497,horse
1498,truck
1499,frog
1500,plane
1501,plane
1502,cat
1503,horse
1504,horse
1505,deer
1506,cat
1507,ship
1508,cat
1509,plane
1510,car
1511,car
1512,frog
1513,plane
1514,horse
1515,horse
1516,ship
1517,cat
1518,truck
1519,plane
1520,horse
1521,deer
1522,plane
1523,plane
1524,frog
1525,ship
1526,dog
1527,frog
1528,deer
1529,horse
1530,deer
1531,frog
1532,truck
1533,frog
1534,car
1535,dog
1536,ship
1537,horse
1538,car
1539,car
1540,bird
1541,car
1542,car
1543,bird
1544,truck
1545,deer
1546,horse
1547,car
1548,cat
1549,truck
1550,dog
1551,truck
1552,dog
1553,ship
1554,ship
1555,deer
1556,plane
1557,ship
1558,truck
1559,plane
1560,deer
1561,car
1562,car
1563,plane
1564,truck
1565,cat
1566,horse
1567,deer
1568,car
1569,truck
1570,ship
1571,truck
1572,plane
1573,frog
1574,truck
1575,frog
1576,dog
1577,car
1578,plane
1579,truck
1580,plane
1581,frog
1582,ship
1583,dog
1584,frog
1585,ship
1586,car
1587,car
1588,horse
1589,deer
1590,truck
1591,ship
1592,frog
1593,frog
1594,deer
1595,cat
1596,dog
1597,car
1598,car
1599,frog
1600,truck
1601,bird
1602,ship
1603,bird
1604,car
1605,bird
1606,deer
1607,ship
1608,deer
1609,deer
1610,car
1611,bird
1612,ship
1613,frog
1614,ship
1615,bird
1616,frog
1617,deer
1618,bird
1619,horse
1620,frog
1621,horse
1622,car
1623,frog
1624,car
1625,frog
1626,deer
1627,cat
1628,frog
1629,car
1630,ship
1631,cat
1632,frog
1633,ship
1634,ship
1635,truck
1636,car
1637,frog
1638,car
1639,plane
1640,truck
1641,ship
1642,frog
1643,dog
1644,cat
1645,frog
1646,cat
1647,car
1648,cat
1649,deer
1650,ship
1651,frog
1652,ship
1653,dog
1654,plane
1655,frog
1656,dog
1657,bird
1658,plane
1659,frog
1660,frog
1661,bird
1662,truck
1663,car
1664,frog
1665,horse
1666,car
1667,plane
1668,bird
1669,ship
1670,dog
1671,bird
1672,dog
1673,dog
1674,bird
1675,truck
1676,truck
1677,ship
1678,frog
1679,deer
1680,truck
1681,dog
1682,frog
1683,frog
1684,frog
1685,frog
1686,bird
1687,ship
1688,frog
1689,deer
1690,frog
1691,dog
1692,car
1693,cat
1694,cat
1695,ship
1696,plane
1697,car
1698,dog
1699,deer
1700,bird
1701,truck
1702,horse
1703,dog
1704,horse
1705,horse
1706,frog
1707,cat
1708,truck
1709,ship
1710,car
1711,cat
1712,car
1713,cat
1714,car
1715,horse
1716,car
1717,ship
1718,truck
1719,deer
1720,ship
1721,truck
1722,bird
1723,truck
1724,cat
1725,bird
1726,ship
1727,ship
1728,dog
1729,deer
1730,frog
1731,ship
1732,ship
1733,car
1734,plane
1735,horse
1736,cat
1737,dog
1738,horse
1739,car
1740,ship
1741,deer
1742,car
1743,ship
1744,horse
1745,car
1746,deer
1747,frog
1748,truck
1749,frog
1750,truck
1751,cat
1752,cat
1753,bird
1754,ship
1755,bird
1756,dog
1757,ship
1758,bird
1759,truck
1760,ship
1761,truck
1762,dog
1763,car
1764,dog
1765,deer
1766,frog
1767,truck
1768,bird
1769,deer
1770,deer
1771,plane
1772,plane
1773,deer
1774,truck
1775,frog
1776,dog
1777,cat
1778,bird
1779,truck
1780,car
1781,truck
1782,cat
1783,truck
1784,frog
1785,cat
1786,horse
1787,car
1788,car
1789,truck
1790,truck
1791,plane
1792,frog
1793,horse
1794,ship
1795,deer
1796,plane
1797,ship
1798,horse
1799,cat
1800,horse
1801,ship
1802,frog
1803,truck
1804,cat
1805,ship
1806,ship
1807,car
1808,plane
1809,ship
1810,frog
1811,bird
1812,plane
1813,car
1814,bird
1815,dog
1816,deer
1817,plane
1818,deer
1819,bird
1820,truck
1821,frog
1822,bird
1823,car
1824,dog
1825,cat
1826,frog
1827,truck
1828,dog
1829,deer
1830,horse
1831,truck
1832,bird
1833,car
1834,truck
1835,ship
1836,plane
1837,truck
1838,deer
1839,horse
1840,cat
1841,deer
1842,plane
1843,cat
1844,car
1845,plane
1846,deer
1847,horse
1848,truck
1849,truck
1850,cat
1851,horse
1852,deer
1853,deer
1854,frog
1855,ship
1856,ship
1857,car
1858,frog
1859,ship
1860,car
1861,truck
1862,truck
1863,deer
1864,plane
1865,deer
1866,frog
1867,cat
1868,frog
1869,horse
1870,plane
1871,frog
1872,car
1873,truck
1874,car
1875,dog
1876,plane
1877,dog
1878,cat
1879,truck
1880,ship
1881,dog
1882,frog
1883,car
1884,plane
1885,plane
1886,ship
1887,cat
1888,cat
1889,deer
1890,frog
1891,car
1892,frog
1893,deer
1894,truck
1895,cat
1896,deer
1897,dog
1898,ship
1899,plane
1900,truck
1901,truck
1902,truck
1903,dog
1904,plane
1905,deer
1906,bird
1907,horse
1908,ship
1909,deer
1910,cat
1911,horse
1912,ship
1913,car
1914,plane
1915,plane
1916,dog
1917,deer
1918,horse
1919,dog
1920,ship
1921,ship
1922,frog
1923,truck
1924,deer
1925,dog
1926,plane
1927,truck
1928,truck
1929,car
1930,car
1931,dog
1932,plane
1933,dog
1934,deer
1935,ship
1936,truck
1937,deer
1938,horse
1939,truck
1940,cat
1941,truck
1942,truck
1943,truck
1944,frog
1945,plane
1946,deer
1947,plane
1948,truck
1949,plane
1950,truck
1951,deer
1952,dog
1953,cat
1954,plane
1955,car
1956,car
1957,truck
1958,cat
1959,horse
1960,frog
1961,dog
1962,frog
1963,horse
1964,truck
1965,dog
1966,deer
1967,cat
1968,truck
1969,cat
1970,car
1971,dog
1972,ship
1973,ship
1974,frog
1975,bird
1976,ship
1977,ship
1978,plane
1979,dog
1980,horse
1981,frog
1982,frog
1983,deer
1984,frog
1985,bird
1986,horse
1987,cat
1988,truck
1989,ship
1990,deer
1991,horse
1992,ship
1993,dog
1994,ship
1995,frog
1996,car
1997,bird
1998,plane
1999,frog
2000,car
2001,deer
2002,truck
2003,ship
2004,horse
2005,bird
2006,car
2007,dog
2008,truck
2009,truck
2010,plane
2011,dog
2012,deer
2013,truck
2014,truck
2015,deer
2016,ship
2017,deer
2018,frog
2019,dog
2020,bird
2021,ship
2022,bird
2023,ship
2024,deer
2025,frog
2026,frog
2027,plane
2028,plane
2029,horse
2030,dog
2031,ship
2032,frog
2033,ship
2034,ship
2035,frog
2036,plane
2037,deer
2038,frog
2039,frog
2040,deer
2041,dog
2042,truck
2043,car
2044,plane
2045,frog
2046,deer
2047,ship
2048,dog
2049,plane
2050,deer
2051,deer
2052,dog
2053,deer
2054,bird
2055,car
2056,truck
2057,car
2058,dog
2059,car
2060,horse
2061,horse
2062,car
2063,frog
2064,dog
2065,truck
2066,dog
2067,frog
2068,car
2069,car
2070,dog
2071,dog
2072,car
2073,frog
2074,plane
2075,truck
2076,plane
2077,plane
2078,plane
2079,plane
2080,car
2081,plane
2082,truck
2083,horse
2084,horse
2085,deer
2086,horse
2087,truck
2088,bird
2089,horse
2090,frog
2091,plane
2092,horse
2093,truck
2094,bird
2095,plane
2096,truck
2097,car
2098,car
2099,cat
2100,car
2101,deer
2102,plane
2103,dog
2104,dog
2105,ship
2106,ship
2107,ship
2108,car
2109,truck
2110,truck
2111,truck
2112,deer
2113,car
2114,horse
2115,cat
2116,dog
2117,cat
2118,frog
2119,dog
2120,deer
2121,plane
2122,truck
2123,ship
2124,dog
2125,truck
2126,ship
2127,frog
2128,ship
2129,car
2130,ship
2131,dog
2132,frog
2133,truck
2134,plane
2135,cat
2136,car
2137,plane
2138,frog
2139,ship
2140,ship
2141,frog
2142,plane
2143,dog
2144,horse
2145,bird
2146,plane
2147,plane
2148,bird
2149,plane
2150,cat
2151,plane
2152,car
2153,deer
2154,plane
2155,deer
2156,truck
2157,dog
2158,frog
2159,ship
2160,frog
2161,horse
2162,plane
2163,horse
2164,frog
2165,truck
2166,cat
2167,cat
2168,cat
2169,plane
2170,car
2171,ship
2172,frog
2173,frog
2174,truck
2175,car
2176,deer
2177,plane
2178,dog
2179,cat
2180,truck
2181,deer
2182,ship
2183,deer
2184,plane
2185,dog
2186,ship
2187,ship
2188,bird
2189,car
2190,horse
2191,ship
2192,truck
2193,ship
2194,horse
2195,ship
2196,frog
2197,frog
2198,car
2199,deer
2200,frog
2201,cat
2202,plane
2203,bird
2204,cat
2205,truck
2206,plane
2207,ship
2208,plane
2209,bird
2210,ship
2211,deer
2212,bird
2213,ship
2214,cat
2215,ship
2216,bird
2217,plane
2218,plane
2219,truck
2220,dog
2221,truck
2222,deer
2223,ship
2224,plane
2225,plane
2226,car
2227,car
2228,car
2229,plane
2230,car
2231,deer
2232,cat
2233,ship
2234,truck
2235,dog
2236,deer
2237,plane
2238,frog
2239,plane
2240,plane
2241,truck
2242,ship
2243,bird
2244,frog
2245,plane
2246,cat
2247,horse
2248,plane
2249,horse
2250,car
2251,frog
2252,ship
2253,frog
2254,truck
2255,frog
2256,deer
2257,dog
2258,bird
2259,ship
2260,car
2261,truck
2262,ship
2263,dog
2264,truck
2265,cat
2266,plane
2267,car
2268,horse
2269,deer
2270,horse
2271,truck
2272,cat
2273,horse
2274,dog
2275,car
2276,plane
2277,deer
2278,truck
2279,dog
2280,bird
2281,truck
2282,dog
2283,bird
2284,frog
2285,deer
2286,frog
2287,truck
2288,plane
2289,horse
2290,deer
2291,car
2292,truck
2293,frog
2294,ship
2295,cat
2296,frog
2297,frog
2298,bird
2299,plane
2300,dog
2301,car
2302,car
2303,plane
2304,horse
2305,deer
2306,deer
2307,bird
2308,truck
2309,truck
2310,deer
2311,horse
2312,frog
2313,bird
2314,frog
2315,bird
2316,plane
2317,truck
2318,truck
2319,cat
2320,bird
2321,plane
2322,truck
2323,ship
2324,cat
2325,deer
2326,ship
2327,horse
2328,car
2329,deer
2330,horse
2331,truck
2332,plane
2333,horse
2334,horse
2335,cat
2336,deer
2337,dog
2338,plane
2339,plane
2340,ship
2341,frog
2342,bird
2343,dog
2344,frog
2345,car
2346,plane
2347,frog
2348,dog
2349,plane
2350,truck
2351,truck
2352,ship
2353,dog
2354,truck
2355,deer
2356,dog
2357,plane
2358,truck
2359,ship
2360,car
2361,dog
2362,plane
2363,ship
2364,dog
2365,dog
2366,frog
2367,horse
2368,car
2369,frog
2370,bird
2371,deer
2372,frog
2373,plane
2374,car
2375,car
2376,plane
2377,horse
2378,bird
2379,plane
2380,truck
2381,car
2382,deer
2383,ship
2384,plane
2385,frog
2386,plane
2387,frog
2388,dog
2389,ship
2390,truck
2391,frog
2392,ship
2393,ship
2394,truck
2395,ship
2396,bird
2397,horse
2398,dog
2399,ship
2400,plane
2401,frog
2402,truck
2403,car
2404,frog
2405,car
2406,truck
2407,cat
2408,frog
2409,horse
2410,horse
2411,frog
2412,dog
2413,horse
2414,cat
2415,truck
2416,ship
2417,ship
2418,truck
2419,truck
2420,frog
2421,frog
2422,frog
2423,car
2424,horse
2425,cat
2426,car
2427,dog
2428,frog
2429,frog
2430,frog
2431,horse
2432,horse
2433,cat
2434,deer
2435,deer
2436,deer
2437,truck
2438,frog
2439,truck
2440,bird
2441,truck
2442,ship
2443,deer
2444,bird
2445,ship
2446,dog
2447,plane
2448,frog
2449,dog
2450,truck
2451,plane
2452,ship
2453,horse
2454,dog
2455,plane
2456,frog
2457,ship
2458,truck
2459,ship
2460,horse
2461,frog
2462,car
2463,dog
2464,plane
2465,frog
2466,car
2467,truck
2468,frog
2469,cat
2470,ship
2471,car
2472,deer
2473,deer
2474,bird
2475,car
2476,truck
2477,frog
2478,plane
2479,car
2480,dog
2481,dog
2482,ship
2483,horse
2484,car
2485,truck
2486,truck
2487,truck
2488,ship
2489,cat
2490,truck
2491,ship
2492,frog
2493,ship
2494,car
2495,ship
2496,frog
2497,frog
2498,ship
2499,frog
2500,frog
2501,plane
2502,plane
2503,frog
2504,plane
2505,car
2506,car
2507,truck
2508,car
2509,car
2510,truck
2511,plane
2512,frog
2513,truck
2514,frog
2515,plane
2516,deer
2517,frog
2518,ship
2519,plane
2520,deer
2521,cat
2522,ship
2523,cat
2524,plane
2525,dog
2526,truck
2527,bird
2528,frog
2529,plane
2530,car
2531,ship
2532,dog
2533,truck
2534,horse
2535,deer
2536,dog
2537,frog
2538,horse
2539,dog
2540,plane
2541,truck
2542,truck
2543,deer
2544,frog
2545,frog
2546,plane
2547,ship
2548,frog
2549,plane
2550,horse
2551,truck
2552,horse
2553,dog
2554,deer
2555,ship
2556,frog
2557,truck
2558,plane
2559,deer
2560,plane
2561,ship
2562,dog
2563,dog
2564,plane
2565,truck
2566,car
2567,plane
2568,horse
2569,deer
2570,car
2571,cat
2572,car
2573,car
2574,plane
2575,ship
2576,cat
2577,plane
2578,car
2579,truck
2580,frog
2581,dog
2582,plane
2583,plane
2584,deer
2585,cat
2586,car
2587,dog
2588,cat
2589,car
2590,truck
2591,plane
2592,frog
2593,bird
2594,plane
2595,bird
2596,ship
2597,truck
2598,deer
2599,truck
2600,ship
2601,truck
2602,deer
2603,truck
2604,cat
2605,deer
2606,frog
2607,cat
2608,plane
2609,dog
2610,dog
2611,horse
2612,dog
2613,cat
2614,dog
2615,truck
2616,deer
2617,horse
2618,frog
2619,car
2620,deer
2621,plane
2622,dog
2623,ship
2624,cat
2625,bird
2626,deer
2627,frog
2628,bird
2629,plane
2630,bird
2631,truck
2632,horse
2633,bird
2634,car
2635,car
2636,truck
2637,plane
2638,frog
2639,plane
2640,dog
2641,deer
2642,car
2643,horse
2644,cat
2645,plane
2646,dog
2647,frog
2648,bird
2649,ship
2650,plane
2651,car
2652,car
2653,plane
2654,car
2655,horse
2656,ship
2657,frog
2658,plane
2659,cat
2660,plane
2661,truck
2662,truck
2663,cat
2664,truck
2665,ship
2666,car
2667,deer
2668,frog
2669,plane
2670,deer
2671,horse
2672,ship
2673,horse
2674,car
2675,frog
2676,frog
2677,frog
2678,ship
2679,deer
2680,ship
2681,plane
2682,dog
2683,car
2684,truck
2685,deer
2686,truck
2687,truck
2688,car
2689,frog
2690,truck
2691,plane
2692,frog
2693,car
2694,car
2695,dog
2696,horse
2697,frog
2698,deer
2699,car
2700,plane
2701,dog
2702,horse
2703,dog
2704,plane
2705,bird
2706,dog
2707,bird
2708,ship
2709,cat
2710,cat
2711,car
2712,deer
2713,deer
2714,truck
2715,bird
2716,dog
2717,ship
2718,deer
2719,horse
2720,dog
2721,deer
2722,dog
2723,dog
2724,ship
2725,ship
2726,truck
2727,horse
2728,horse
2729,truck
2730,truck
2731,plane
2732,frog
2733,deer
2734,cat
2735,deer
2736,bird
2737,horse
2738,horse
2739,plane
2740,horse
2741,deer
2742,deer
2743,deer
2744,ship
2745,frog
2746,car
2747,horse
2748,plane
2749,car
2750,car
2751,frog
2752,plane
2753,ship
2754,deer
2755,plane
2756,horse
2757,dog
2758,plane
2759,car
2760,dog
2761,horse
2762,truck
2763,horse
2764,truck
2765,truck
2766,dog
2767,plane
2768,ship
2769,deer
2770,deer
2771,ship
2772,car
2773,truck
2774,car
2775,dog
2776,ship
2777,dog
2778,ship
2779,car
2780,car
2781,ship
2782,cat
2783,horse
2784,frog
2785,frog
2786,car
2787,horse
2788,car
2789,car
2790,frog
2791,dog
2792,frog
2793,deer
2794,cat
2795,frog
2796,dog
2797,car
2798,deer
2799,deer
2800,plane
2801,bird
2802,truck
2803,horse
2804,plane
2805,deer
2806,cat
2807,frog
2808,horse
2809,ship
2810,dog
2811,horse
2812,truck
2813,deer
2814,plane
2815,truck
2816,frog
2817,frog
2818,frog
2819,plane
2820,horse
2821,dog
2822,truck
2823,truck
2824,horse
2825,truck
2826,ship
2827,frog
2828,horse
2829,bird
2830,ship
2831,deer
2832,bird
2833,frog
2834,ship
2835,car
2836,frog
2837,horse
2838,deer
2839,car
2840,bird
2841,frog
2842,ship
2843,car
2844,car
2845,truck
2846,car
2847,cat
2848,dog
2849,frog
2850,car
2851,truck
2852,frog
2853,dog
2854,horse
2855,bird
2856,horse
2857,frog
2858,plane
2859,car
2860,ship
2861,ship
2862,ship
2863,ship
2864,deer
2865,car
2866,deer
2867,plane
2868,dog
2869,frog
2870,deer
2871,truck
2872,ship
2873,plane
2874,car
2875,deer
2876,car
2877,ship
2878,frog
2879,ship
2880,frog
2881,dog
2882,truck
2883,horse
2884,dog
2885,cat
2886,frog
2887,dog
2888,dog
2889,frog
2890,frog
2891,ship
2892,deer
2893,dog
2894,deer
2895,cat
2896,car
2897,ship
2898,frog
2899,frog
2900,frog
2901,ship
2902,car
2903,horse
2904,horse
2905,dog
2906,plane
2907,deer
2908,frog
2909,frog
2910,dog
2911,frog
2912,plane
2913,truck
2914,frog
2915,car
2916,plane
2917,horse
2918,ship
2919,ship
2920,bird
2921,frog
2922,car
2923,dog
2924,dog
2925,dog
2926,car
2927,dog
2928,horse
2929,deer
2930,bird
2931,plane
2932,ship
2933,frog
2934,frog
2935,ship
2936,horse
2937,frog
2938,frog
2939,plane
2940,bird
2941,bird
2942,bird
2943,horse
2944,cat
2945,car
2946,deer
2947,horse
2948,ship
2949,dog
2950,ship
2951,frog
2952,frog
2953,horse
2954,car
2955,frog
2956,plane
2957,ship
2958,plane
2959,ship
2960,plane
2961,bird
2962,ship
2963,dog
2964,plane
2965,cat
2966,car
2967,ship
2968,deer
2969,dog
2970,cat
2971,cat
2972,dog
2973,car
2974,plane
2975,ship
2976,car
2977,frog
2978,truck
2979,truck
2980,plane
2981,frog
2982,deer
2983,car
2984,ship
2985,dog
2986,deer
2987,ship
2988,frog
2989,deer
2990,horse
2991,frog
2992,frog
2993,deer
2994,dog
2995,bird
2996,bird
2997,deer
2998,dog
2999,plane
3000,deer
3001,car
3002,cat
3003,frog
3004,horse
3005,truck
3006,deer
3007,dog
3008,plane
3009,horse
3010,car
3011,truck
3012,ship
3013,car
3014,ship
3015,dog
3016,frog
3017,plane
3018,car
3019,plane
3020,deer
3021,horse
3022,car
3023,horse
3024,horse
3025,deer
3026,frog
3027,ship
3028,plane
3029,dog
3030,frog
3031,truck
3032,cat
3033,cat
3034,bird
3035,car
3036,cat
3037,dog
3038,deer
3039,deer
3040,deer
3041,horse
3042,ship
3043,car
3044,dog
3045,deer
3046,plane
3047,car
3048,ship
3049,frog
3050,deer
3051,ship
3052,plane
3053,plane
3054,horse
3055,ship
3056,car
3057,cat
3058,plane
3059,ship
3060,car
3061,car
3062,dog
3063,ship
3064,plane
3065,truck
3066,frog
3067,frog
3068,cat
3069,bird
3070,ship
3071,ship
3072,truck
3073,frog
3074,car
3075,truck
3076,frog
3077,truck
3078,bird
3079,frog
3080,truck
3081,cat
3082,horse
3083,bird
3084,dog
3085,truck
3086,deer
3087,bird
3088,deer
3089,car
3090,frog
3091,truck
3092,car
3093,frog
3094,ship
3095,dog
3096,bird
3097,truck
3098,deer
3099,plane
3100,car
3101,frog
3102,car
3103,truck
3104,deer
3105,ship
3106,car
3107,frog
3108,horse
3109,horse
3110,cat
3111,frog
3112,truck
3113,truck
3114,cat
3115,truck
3116,ship
3117,deer
3118,car
3119,frog
3120,cat
3121,dog
3122,ship
3123,ship
3124,deer
3125,car
3126,truck
3127,truck
3128,dog
3129,frog
3130,truck
3131,dog
3132,deer
3133,ship
3134,plane
3135,cat
3136,plane
3137,frog
3138,frog
3139,ship
3140,ship
3141,ship
3142,deer
3143,frog
3144,truck
3145,deer
3146,ship
3147,car
3148,plane
3149,frog
3150,deer
3151,truck
3152,plane
3153,plane
3154,bird
3155,horse
3156,truck
3157,deer
3158,truck
3159,deer
3160,cat
3161,truck
3162,car
3163,plane
3164,deer
3165,ship
3166,ship
3167,plane
3168,car
3169,ship
3170,horse
3171,ship
3172,ship
3173,plane
3174,plane
3175,car
3176,frog
3177,dog
3178,cat
3179,ship
3180,dog
3181,dog
3182,horse
3183,dog
3184,horse
3185,plane
3186,dog
3187,dog
3188,frog
3189,car
3190,car
3191,truck
3192,frog
3193,truck
3194,cat
3195,deer
3196,bird
3197,frog
3198,ship
3199,deer
3200,ship
3201,frog
3202,frog
3203,ship
3204,ship
3205,deer
3206,plane
3207,horse
3208,ship
3209,frog
3210,truck
3211,ship
3212,truck
3213,cat
3214,car
3215,deer
3216,dog
3217,deer
3218,plane
3219,frog
3220,ship
3221,dog
3222,cat
3223,horse
3224,cat
3225,horse
3226,plane
3227,cat
3228,plane
3229,bird
3230,deer
3231,car
3232,dog
3233,frog
3234,horse
3235,car
3236,dog
3237,plane
3238,ship
3239,plane
3240,frog
3241,plane
3242,horse
3243,horse
3244,truck
3245,car
3246,frog
3247,deer
3248,deer
3249,bird
3250,ship
3251,frog
3252,horse
3253,cat
3254,frog
3255,frog
3256,car
3257,frog
3258,plane
3259,deer
3260,frog
3261,plane
3262,truck
3263,ship
3264,frog
3265,plane
3266,horse
3267,plane
3268,horse
3269,car
3270,dog
3271,car
3272,plane
3273,cat
3274,ship
3275,car
3276,deer
3277,bird
3278,frog
3279,dog
3280,deer
3281,plane
3282,plane
3283,ship
3284,frog
3285,frog
3286,dog
3287,bird
3288,plane
3289,frog
3290,horse
3291,horse
3292,ship
3293,ship
3294,car
3295,plane
3296,plane
3297,ship
3298,plane
3299,horse
3300,truck
3301,bird
3302,truck
3303,deer
3304,car
3305,ship
3306,bird
3307,plane
3308,cat
3309,plane
3310,plane
3311,cat
3312,car
3313,bird
3314,truck
3315,dog
3316,car
3317,truck
3318,horse
3319,frog
3320,truck
3321,ship
3322,car
3323,car
3324,dog
3325,car
3326,plane
3327,frog
3328,cat
3329,car
3330,dog
3331,dog
3332,cat
3333,frog
3334,cat
3335,car
3336,plane
3337,truck
3338,cat
3339,ship
3340,deer
3341,car
3342,car
3343,horse
3344,plane
3345,cat
3346,frog
3347,ship
3348,frog
3349,plane
3350,dog
3351,frog
3352,dog
3353,ship
3354,bird
3355,cat
3356,dog
3357,truck
3358,truck
3359,bird
3360,plane
3361,deer
3362,car
3363,car
3364,car
3365,deer
3366,deer
3367,horse
3368,plane
3369,cat
3370,plane
3371,plane
3372,plane
3373,car
3374,frog
3375,dog
3376,frog
3377,ship
3378,car
3379,horse
3380,ship
3381,frog
3382,ship
3383,horse
3384,plane
3385,frog
3386,frog
3387,ship
3388,deer
3389,frog
3390,cat
3391,plane
3392,horse
3393,ship
3394,frog
3395,truck
3396,ship
3397,ship
3398,frog
3399,horse
3400,truck
3401,frog
3402,ship
3403,horse
3404,car
3405,horse
3406,car
3407,bird
3408,horse
3409,horse
3410,frog
3411,dog
3412,truck
3413,horse
3414,truck
3415,ship
3416,horse
3417,cat
3418,ship
3419,dog
3420,ship
3421,car
3422,dog
3423,car
3424,frog
3425,ship
3426,truck
3427,plane
3428,cat
3429,truck
3430,plane
3431,car
3432,frog
3433,car
3434,dog
3435,car
3436,bird
3437,horse
3438,truck
3439,truck
3440,car
3441,car
3442,frog
3443,cat
3444,car
3445,frog
3446,car
3447,cat
3448,car
3449,bird
3450,dog
3451,dog
3452,truck
3453,plane
3454,dog
3455,bird
3456,truck
3457,frog
3458,plane
3459,plane
3460,frog
3461,frog
3462,car
3463,frog
3464,truck
3465,plane
3466,car
3467,frog
3468,bird
3469,cat
3470,ship
3471,plane
3472,bird
3473,frog
3474,dog
3475,plane
3476,bird
3477,truck
3478,ship
3479,truck
3480,dog
3481,deer
3482,dog
3483,truck
3484,frog
3485,car
3486,truck
3487,frog
3488,ship
3489,car
3490,plane
3491,plane
3492,plane
3493,bird
3494,dog
3495,ship
3496,deer
3497,plane
3498,plane
3499,car
3500,dog
3501,car
3502,bird
3503,plane
3504,plane
3505,horse
3506,ship
3507,ship
3508,frog
3509,truck
3510,cat
3511,deer
3512,horse
3513,dog
3514,plane
3515,deer
3516,deer
3517,plane
3518,bird
3519,deer
3520,frog
3521,frog
3522,plane
3523,ship
3524,frog
3525,truck
3526,deer
3527,car
3528,car
3529,cat
3530,ship
3531,dog
3532,frog
3533,cat
3534,plane
3535,bird
3536,plane
3537,truck
3538,dog
3539,frog
3540,ship
3541,car
3542,bird
3543,plane
3544,dog
3545,ship
3546,car
3547,cat
3548,dog
3549,deer
3550,frog
3551,car
3552,horse
3553,car
3554,frog
3555,dog
3556,truck
3557,truck
3558,truck
3559,plane
3560,car
3561,cat
3562,car
3563,cat
3564,plane
3565,ship
3566,horse
3567,deer
3568,frog
3569,frog
3570,frog
3571,horse
3572,car
3573,deer
3574,ship
3575,plane
3576,frog
3577,ship
3578,bird
3579,deer
3580,deer
3581,cat
3582,horse
3583,horse
3584,frog
3585,bird
3586,plane
3587,ship
3588,ship
3589,plane
3590,deer
3591,truck
3592,frog
3593,truck
3594,frog
3595,cat
3596,plane
3597,ship
3598,car
3599,car
3600,car
3601,car
3602,ship
3603,car
3604,ship
3605,truck
3606,truck
3607,horse
3608,frog
3609,cat
3610,frog
3611,frog
3612,deer
3613,dog
3614,bird
3615,cat
3616,plane
3617,frog
3618,ship
3619,dog
3620,truck
3621,plane
3622,deer
3623,plane
3624,ship
3625,bird
3626,deer
3627,ship
3628,horse
3629,frog
3630,horse
3631,deer
3632,dog
3633,plane
3634,car
3635,deer
3636,ship
3637,car
3638,bird
3639,frog
3640,deer
3641,truck
3642,dog
3643,plane
3644,plane
3645,plane
3646,car
3647,plane
3648,cat
3649,deer
3650,plane
3651,cat
3652,dog
3653,plane
3654,frog
3655,frog
3656,deer
3657,deer
3658,plane
3659,deer
3660,horse
3661,truck
3662,ship
3663,car
3664,car
3665,cat
3666,plane
3667,frog
3668,plane
3669,bird
3670,ship
3671,frog
3672,bird
3673,plane
3674,ship
3675,horse
3676,car
3677,frog
3678,dog
3679,bird
3680,deer
3681,cat
3682,horse
3683,car
3684,horse
3685,deer
3686,cat
3687,car
3688,car
3689,frog
3690,truck
3691,dog
3692,deer
3693,plane
3694,dog
3695,horse
3696,truck
3697,plane
3698,deer
3699,dog
3700,dog
3701,frog
3702,car
3703,frog
3704,plane
3705,bird
3706,ship
3707,deer
3708,frog
3709,deer
3710,truck
3711,horse
3712,car
3713,horse
3714,horse
3715,cat
3716,car
3717,frog
3718,frog
3719,deer
3720,plane
3721,cat
3722,frog
3723,dog
3724,deer
3725,truck
3726,frog
3727,deer
3728,deer
3729,deer
3730,horse
3731,deer
3732,cat
3733,horse
3734,frog
3735,car
3736,deer
3737,car
3738,cat
3739,cat
3740,truck
3741,ship
3742,dog
3743,deer
3744,truck
3745,car
3746,car
3747,frog
3748,deer
3749,dog
3750,frog
3751,bird
3752,car
3753,plane
3754,ship
3755,deer
3756,ship
3757,car
3758,deer
3759,frog
3760,horse
3761,truck
3762,ship
3763,truck
3764,deer
3765,frog
3766,frog
3767,truck
3768,plane
3769,dog
3770,ship
3771,ship
3772,car
3773,car
3774,cat
3775,ship
3776,truck
3777,cat
3778,car
3779,ship
3780,dog
3781,deer
3782,truck
3783,bird
3784,frog
3785,truck
3786,frog
3787,car
3788,truck
3789,ship
3790,frog
3791,ship
3792,truck
3793,deer
3794,cat
3795,frog
3796,frog
3797,dog
3798,plane
3799,frog
3800,horse
3801,ship
3802,car
3803,ship
3804,ship
3805,frog
3806,truck
3807,truck
3808,horse
3809,car
3810,frog
3811,ship
3812,car
3813,ship
3814,frog
3815,frog
3816,bird
3817,cat
3818,deer
3819,truck
3820,frog
3821,bird
3822,bird
3823,car
3824,truck
3825,truck
3826,frog
3827,plane
3828,truck
3829,bird
3830,plane
3831,bird
3832,plane
3833,car
3834,car
3835,car
3836,truck
3837,truck
3838,plane
3839,frog
3840,horse
3841,truck
3842,dog
3843,car
3844,ship
3845,bird
3846,truck
3847,truck
3848,frog
3849,car
3850,dog
3851,cat
3852,frog
3853,truck
3854,plane
3855,truck
3856,dog
3857,dog
3858,frog
3859,car
3860,car
3861,plane
3862,deer
3863,horse
3864,horse
3865,bird
3866,frog
3867,deer
3868,bird
3869,frog
3870,truck
3871,truck
3872,dog
3873,bird
3874,ship
3875,deer
3876,dog
3877,truck
3878,plane
3879,car
3880,bird
3881,deer
3882,plane
3883,truck
3884,truck
3885,horse
3886,ship
3887,truck
3888,frog
3889,frog
3890,car
3891,car
3892,horse
3893,ship
3894,dog
3895,dog
3896,dog
3897,ship
3898,horse
3899,bird
3900,car
3901,truck
3902,frog
3903,deer
3904,bird
3905,car
3906,car
3907,plane
3908,deer
3909,dog
3910,ship
3911,dog
3912,truck
3913,dog
3914,horse
3915,truck
3916,plane
3917,cat
3918,cat
3919,deer
3920,dog
3921,horse
3922,cat
3923,truck
3924,car
3925,car
3926,dog
3927,truck
3928,car
3929,ship
3930,car
3931,cat
3932,ship
3933,dog
3934,ship
3935,frog
3936,dog
3937,plane
3938,deer
3939,frog
3940,cat
3941,ship
3942,deer
3943,horse
3944,deer
3945,ship
3946,frog
3947,car
3948,car
3949,ship
3950,truck
3951,ship
3952,deer
3953,horse
3954,ship
3955,deer
3956,plane
3957,frog
3958,cat
3959,dog
3960,truck
3961,dog
3962,plane
3963,truck
3964,dog
3965,plane
3966,ship
3967,horse
3968,frog
3969,bird
3970,frog
3971,cat
3972,deer
3973,dog
3974,cat
3975,bird
3976,frog
3977,dog
3978,frog
3979,frog
3980,deer
3981,ship
3982,car
3983,dog
3984,bird
3985,frog
3986,horse
3987,horse
3988,plane
3989,car
3990,plane
3991,bird
3992,ship
3993,frog
3994,deer
3995,truck
3996,truck
3997,plane
3998,deer
3999,truck
4000,frog
4001,deer
4002,plane
4003,horse
4004,horse
4005,deer
4006,frog
4007,frog
4008,ship
4009,truck
4010,plane
4011,truck
4012,cat
4013,frog
4014,plane
4015,plane
4016,frog
4017,bird
4018,truck
4019,deer
4020,bird
4021,dog
4022,ship
4023,frog
4024,truck
4025,deer
4026,deer
4027,cat
4028,plane
4029,cat
4030,frog
4031,car
4032,truck
4033,dog
4034,deer
4035,bird
4036,frog
4037,ship
4038,cat
4039,plane
4040,frog
4041,dog
4042,ship
4043,ship
4044,horse
4045,ship
4046,truck
4047,car
4048,dog
4049,plane
4050,bird
4051,bird
4052,dog
4053,cat
4054,car
4055,bird
4056,dog
4057,cat
4058,car
4059,frog
4060,deer
4061,deer
4062,cat
4063,dog
4064,frog
4065,horse
4066,car
4067,car
4068,car
4069,plane
4070,horse
4071,truck
4072,dog
4073,frog
4074,cat
4075,truck
4076,deer
4077,dog
4078,plane
4079,horse
4080,horse
4081,horse
4082,deer
4083,ship
4084,plane
4085,dog
4086,truck
4087,frog
4088,ship
4089,plane
4090,frog
4091,horse
4092,ship
4093,bird
4094,car
4095,dog
4096,ship
4097,deer
4098,car
4099,plane
4100,horse
4101,frog
4102,horse
4103,bird
4104,cat
4105,frog
4106,plane
4107,frog
4108,car
4109,dog
4110,frog
4111,ship
4112,dog
4113,frog
4114,horse
4115,car
4116,ship
4117,car
4118,frog
4119,car
4120,ship
4121,dog
4122,bird
4123,plane
4124,dog
4125,horse
4126,cat
4127,frog
4128,dog
4129,truck
4130,dog
4131,frog
4132,frog
4133,ship
4134,dog
4135,cat
4136,plane
4137,plane
4138,horse
4139,bird
4140,frog
4141,frog
4142,horse
4143,car
4144,car
4145,frog
4146,truck
4147,ship
4148,bird
4149,dog
4150,car
4151,plane
4152,plane
4153,truck
4154,plane
4155,car
4156,cat
4157,dog
4158,bird
4159,deer
4160,frog
4161,plane
4162,ship
4163,dog
4164,horse
4165,deer
4166,plane
4167,car
4168,plane
4169,ship
4170,deer
4171,truck
4172,horse
4173,ship
4174,truck
4175,frog
4176,dog
4177,bird
4178,frog
4179,dog
4180,frog
4181,deer
4182,bird
4183,ship
4184,plane
4185,car
4186,frog
4187,deer
4188,cat
4189,deer
4190,frog
4191,ship
4192,dog
4193,cat
4194,truck
4195,truck
4196,frog
4197,ship
4198,car
4199,truck
4200,plane
4201,plane
4202,ship
4203,bird
4204,cat
4205,truck
4206,plane
4207,cat
4208,ship
4209,truck
4210,car
4211,deer
4212,cat
4213,ship
4214,ship
4215,car
4216,ship
4217,bird
4218,truck
4219,bird
4220,truck
4221,plane
4222,horse
4223,deer
4224,bird
4225,deer
4226,bird
4227,ship
4228,deer
4229,dog
4230,car
4231,ship
4232,frog
4233,frog
4234,frog
4235,bird
4236,car
4237,truck
4238,cat
4239,ship
4240,deer
4241,truck
4242,truck
4243,truck
4244,plane
4245,cat
4246,dog
4247,dog
4248,ship
4249,cat
4250,dog
4251,dog
4252,car
4253,bird
4254,frog
4255,plane
4256,plane
4257,deer
4258,ship
4259,bird
4260,frog
4261,dog
4262,plane
4263,ship
4264,deer
4265,car
4266,plane
4267,cat
4268,ship
4269,ship
4270,frog
4271,dog
4272,dog
4273,plane
4274,car
4275,car
4276,frog
4277,plane
4278,horse
4279,truck
4280,frog
4281,frog
4282,frog
4283,deer
4284,deer
4285,deer
4286,plane
4287,dog
4288,truck
4289,cat
4290,horse
4291,dog
4292,plane
4293,truck
4294,plane
4295,deer
4296,plane
4297,horse
4298,bird
4299,bird
4300,plane
4301,frog
4302,cat
4303,frog
4304,car
4305,frog
4306,car
4307,plane
4308,plane
4309,ship
4310,cat
4311,bird
4312,deer
4313,car
4314,bird
4315,frog
4316,horse
4317,ship
4318,horse
4319,truck
4320,dog
4321,ship
4322,plane
4323,car
4324,truck
4325,bird
4326,car
4327,cat
4328,horse
4329,plane
4330,horse
4331,cat
4332,deer
4333,ship
4334,ship
4335,dog
4336,frog
4337,bird
4338,truck
4339,ship
4340,truck
4341,plane
4342,horse
4343,frog
4344,frog
4345,horse
4346,plane
4347,plane
4348,dog
4349,deer
4350,plane
4351,horse
4352,plane
4353,ship
4354,dog
4355,car
4356,bird
4357,horse
4358,ship
4359,deer
4360,truck
4361,cat
4362,dog
4363,ship
4364,bird
4365,car
4366,deer
4367,cat
4368,deer
4369,car
4370,plane
4371,truck
4372,car
4373,truck
4374,car
4375,horse
4376,frog
4377,plane
4378,plane
4379,ship
4380,car
4381,cat
4382,cat
4383,deer
4384,car
4385,truck
4386,frog
4387,horse
4388,dog
4389,plane
4390,ship
4391,car
4392,truck
4393,ship
4394,cat
4395,frog
4396,cat
4397,frog
4398,horse
4399,truck
4400,plane
4401,plane
4402,cat
4403,truck
4404,car
4405,ship
4406,cat
4407,horse
4408,deer
4409,deer
4410,deer
4411,ship
4412,dog
4413,frog
4414,truck
4415,car
4416,dog
4417,deer
4418,cat
4419,ship
4420,dog
4421,frog
4422,ship
4423,truck
4424,frog
4425,deer
4426,frog
4427,frog
4428,truck
4429,car
4430,ship
4431,truck
4432,cat
4433,truck
4434,truck
4435,frog
4436,car
4437,frog
4438,dog
4439,truck
4440,plane
4441,truck
4442,plane
4443,truck
4444,deer
4445,car
4446,deer
4447,plane
4448,plane
4449,frog
4450,deer
4451,deer
4452,dog
4453,plane
4454,cat
4455,truck
4456,cat
4457,horse
4458,horse
4459,deer
4460,car
4461,bird
4462,ship
4463,dog
4464,car
4465,truck
4466,dog
4467,deer
4468,horse
4469,frog
4470,deer
4471,frog
4472,bird
4473,truck
4474,cat
4475,bird
4476,dog
4477,truck
4478,frog
4479,car
4480,truck
4481,frog
4482,car
4483,plane
4484,frog
4485,dog
4486,deer
4487,car
4488,ship
4489,dog
4490,frog
4491,ship
4492,dog
4493,plane
4494,ship
4495,cat
4496,cat
4497,car
4498,horse
4499,plane
4500,ship
4501,plane
4502,deer
4503,horse
4504,car
4505,deer
4506,horse
4507,ship
4508,horse
4509,horse
4510,bird
4511,deer
4512,frog
4513,bird
4514,dog
4515,frog
4516,ship
4517,truck
4518,bird
4519,frog
4520,plane
4521,plane
4522,deer
4523,dog
4524,car
4525,frog
4526,frog
4527,car
4528,truck
4529,bird
4530,deer
4531,ship
4532,plane
4533,frog
4534,bird
4535,car
4536,bird
4537,truck
4538,deer
4539,cat
4540,ship
4541,car
4542,car
4543,plane
4544,bird
4545,cat
4546,bird
4547,ship
4548,car
4549,deer
4550,horse
4551,dog
4552,truck
4553,frog
4554,dog
4555,truck
4556,dog
4557,ship
4558,deer
4559,horse
4560,ship
4561,frog
4562,truck
4563,truck
4564,ship
4565,ship
4566,truck
4567,frog
4568,deer
4569,truck
4570,bird
4571,dog
4572,frog
4573,dog
4574,frog
4575,bird
4576,frog
4577,car
4578,horse
4579,plane
4580,ship
4581,plane
4582,frog
4583,cat
4584,plane
4585,horse
4586,truck
4587,plane
4588,ship
4589,frog
4590,truck
4591,frog
4592,horse
4593,truck
4594,car
4595,frog
4596,ship
4597,frog
4598,truck
4599,horse
4600,deer
4601,dog
4602,frog
4603,car
4604,car
4605,ship
4606,cat
4607,frog
4608,frog
4609,cat
4610,plane
4611,horse
4612,ship
4613,truck
4614,bird
4615,car
4616,plane
4617,dog
4618,cat
4619,horse
4620,truck
4621,frog
4622,truck
4623,frog
4624,frog
4625,frog
4626,deer
4627,truck
4628,ship
4629,car
4630,frog
4631,dog
4632,ship
4633,plane
4634,truck
4635,cat
4636,deer
4637,frog
4638,frog
4639,horse
4640,plane
4641,truck
4642,frog
4643,dog
4644,frog
4645,car
4646,dog
4647,ship
4648,bird
4649,frog
4650,car
4651,car
4652,deer
4653,deer
4654,frog
4655,horse
4656,horse
4657,deer
4658,truck
4659,horse
4660,frog
4661,cat
4662,cat
4663,plane
4664,car
4665,ship
4666,truck
4667,cat
4668,truck
4669,truck
4670,frog
4671,horse
4672,deer
4673,dog
4674,cat
4675,deer
4676,plane
4677,deer
4678,plane
4679,dog
4680,dog
4681,ship
4682,truck
4683,bird
4684,frog
4685,bird
4686,ship
4687,deer
4688,dog
4689,dog
4690,cat
4691,truck
4692,truck
4693,horse
4694,horse
4695,dog
4696,car
4697,horse
4698,car
4699,car
4700,plane
4701,frog
4702,frog
4703,deer
4704,deer
4705,ship
4706,bird
4707,horse
4708,ship
4709,plane
4710,cat
4711,frog
4712,ship
4713,truck
4714,deer
4715,horse
4716,dog
4717,plane
4718,deer
4719,deer
4720,frog
4721,frog
4722,frog
4723,frog
4724,horse
4725,frog
4726,plane
4727,frog
4728,frog
4729,dog
4730,car
4731,deer
4732,cat
4733,frog
4734,horse
4735,dog
4736,car
4737,plane
4738,frog
4739,car
4740,dog
4741,bird
4742,ship
4743,plane
4744,ship
4745,truck
4746,ship
4747,cat
4748,truck
4749,ship
4750,plane
4751,car
4752,cat
4753,bird
4754,car
4755,ship
4756,plane
4757,frog
4758,frog
4759,car
4760,horse
4761,ship
4762,deer
4763,car
4764,deer
4765,horse
4766,frog
4767,ship
4768,deer
4769,frog
4770,frog
4771,cat
4772,truck
4773,frog
4774,car
4775,truck
4776,car
4777,plane
4778,frog
4779,truck
4780,plane
4781,frog
4782,truck
4783,deer
4784,frog
4785,deer
4786,frog
4787,cat
4788,deer
4789,truck
4790,truck
4791,plane
4792,deer
4793,plane
4794,truck
4795,ship
4796,car
4797,car
4798,car
4799,dog
4800,dog
4801,cat
4802,frog
4803,frog
4804,bird
4805,dog
4806,plane
4807,frog
4808,car
4809,car
4810,frog
4811,cat
4812,ship
4813,dog
4814,frog
4815,dog
4816,cat
4817,deer
4818,horse
4819,cat
4820,bird
4821,frog
4822,deer
4823,truck
4824,frog
4825,frog
4826,cat
4827,ship
4828,ship
4829,frog
4830,dog
4831,deer
4832,horse
4833,plane
4834,deer
4835,dog
4836,car
4837,ship
4838,dog
4839,ship
4840,plane
4841,cat
4842,truck
4843,cat
4844,deer
4845,bird
4846,car
4847,truck
4848,plane
4849,frog
4850,ship
4851,dog
4852,dog
4853,plane
4854,ship
4855,dog
4856,bird
4857,ship
4858,plane
4859,truck
4860,truck
4861,ship
4862,car
4863,truck
4864,frog
4865,plane
4866,ship
4867,bird
4868,dog
4869,frog
4870,deer
4871,deer
4872,dog
4873,plane
4874,ship
4875,plane
4876,ship
4877,car
4878,deer
4879,truck
4880,dog
4881,cat
4882,plane
4883,cat
4884,plane
4885,frog
4886,frog
4887,truck
4888,frog
4889,deer
4890,frog
4891,deer
4892,car
4893,deer
4894,ship
4895,truck
4896,horse
4897,car
4898,ship
4899,car
4900,plane
4901,ship
4902,frog
4903,plane
4904,deer
4905,bird
4906,bird
4907,frog
4908,truck
4909,deer
4910,frog
4911,cat
4912,dog
4913,deer
4914,car
4915,truck
4916,dog
4917,car
4918,car
4919,dog
4920,plane
4921,truck
4922,car
4923,frog
4924,bird
4925,car
4926,car
4927,horse
4928,bird
4929,ship
4930,ship
4931,deer
4932,cat
4933,dog
4934,horse
4935,plane
4936,cat
4937,horse
4938,frog
4939,dog
4940,ship
4941,frog
4942,dog
4943,truck
4944,car
4945,cat
4946,deer
4947,dog
4948,dog
4949,deer
4950,frog
4951,frog
4952,truck
4953,deer
4954,deer
4955,car
4956,car
4957,horse
4958,car
4959,car
4960,plane
4961,ship
4962,horse
4963,ship
4964,truck
4965,ship
4966,plane
4967,ship
4968,ship
4969,car
4970,truck
4971,cat
4972,dog
4973,car
4974,frog
4975,truck
4976,deer
4977,bird
4978,dog
4979,ship
4980,frog
4981,truck
4982,plane
4983,plane
4984,horse
4985,ship
4986,ship
4987,frog
4988,deer
4989,truck
4990,truck
4991,ship
4992,cat
4993,ship
4994,dog
4995,frog
4996,cat
4997,frog
4998,plane
4999,plane
5000,deer
5001,frog
5002,horse
5003,dog
5004,horse
5005,deer
5006,truck
5007,ship
5008,ship
5009,bird
5010,truck
5011,frog
5012,car
5013,car
5014,dog
5015,cat
5016,ship
5017,cat
5018,bird
5019,ship
5020,car
5021,car
5022,ship
5023,car
5024,dog
5025,ship
5026,deer
5027,deer
5028,dog
5029,frog
5030,truck
5031,ship
5032,deer
5033,car
5034,car
5035,car
5036,ship
5037,car
5038,ship
5039,dog
5040,cat
5041,frog
5042,horse
5043,ship
5044,dog
5045,horse
5046,truck
5047,frog
5048,car
5049,plane
5050,truck
5051,bird
5052,car
5053,plane
5054,frog
5055,ship
5056,ship
5057,ship
5058,ship
5059,car
5060,cat
5061,frog
5062,deer
5063,ship
5064,deer
5065,bird
5066,car
5067,plane
5068,horse
5069,ship
5070,bird
5071,deer
5072,truck
5073,horse
5074,deer
5075,plane
5076,deer
5077,plane
5078,ship
5079,deer
5080,plane
5081,frog
5082,horse
5083,frog
5084,car
5085,horse
5086,plane
5087,truck
5088,ship
5089,plane
5090,ship
5091,car
5092,car
5093,truck
5094,plane
5095,plane
5096,plane
5097,plane
5098,plane
5099,truck
5100,ship
5101,car
5102,ship
5103,car
5104,ship
5105,plane
5106,horse
5107,cat
5108,cat
5109,deer
5110,truck
5111,horse
5112,frog
5113,truck
5114,ship
5115,plane
5116,plane
5117,truck
5118,ship
5119,bird
5120,plane
5121,plane
5122,truck
5123,truck
5124,frog
5125,truck
5126,bird
5127,ship
5128,ship
5129,truck
5130,ship
5131,car
5132,car
5133,car
5134,horse
5135,car
5136,horse
5137,horse
5138,truck
5139,horse
5140,car
5141,bird
5142,dog
5143,dog
5144,deer
5145,truck
5146,plane
5147,plane
5148,ship
5149,truck
5150,cat
5151,bird
5152,plane
5153,truck
5154,car
5155,plane
5156,deer
5157,dog
5158,car
5159,horse
5160,car
5161,truck
5162,dog
5163,car
5164,ship
5165,ship
5166,cat
5167,bird
5168,deer
5169,cat
5170,frog
5171,plane
5172,plane
5173,bird
5174,ship
5175,frog
5176,horse
5177,truck
5178,ship
5179,car
5180,horse
5181,dog
5182,cat
5183,dog
5184,horse
5185,dog
5186,deer
5187,car
5188,plane
5189,ship
5190,car
5191,truck
5192,car
5193,cat
5194,dog
5195,horse
5196,dog
5197,deer
5198,frog
5199,plane
5200,truck
5201,ship
5202,dog
5203,dog
5204,plane
5205,bird
5206,plane
5207,bird
5208,truck
5209,frog
5210,frog
5211,deer
5212,truck
5213,truck
5214,frog
5215,plane
5216,dog
5217,car
5218,truck
5219,dog
5220,truck
5221,dog
5222,bird
5223,car
5224,truck
5225,cat
5226,frog
5227,frog
5228,car
5229,deer
5230,deer
5231,dog
5232,deer
5233,car
5234,truck
5235,frog
5236,plane
5237,plane
5238,bird
5239,plane
5240,truck
5241,deer
5242,deer
5243,car
5244,frog
5245,truck
5246,cat
5247,frog
5248,plane
5249,dog
5250,plane
5251,bird
5252,frog
5253,dog
5254,truck
5255,horse
5256,car
5257,plane
5258,frog
5259,horse
5260,cat
5261,frog
5262,plane
5263,car
5264,cat
5265,truck
5266,horse
5267,frog
5268,bird
5269,dog
5270,plane
5271,bird
5272,deer
5273,car
5274,ship
5275,frog
5276,cat
5277,dog
5278,plane
5279,horse
5280,horse
5281,frog
5282,plane
5283,ship
5284,dog
5285,truck
5286,plane
5287,dog
5288,horse
5289,frog
5290,deer
5291,truck
5292,cat
5293,deer
5294,truck
5295,bird
5296,frog
5297,ship
5298,deer
5299,truck
5300,bird
5301,car
5302,car
5303,ship
5304,deer
5305,plane
5306,deer
5307,deer
5308,plane
5309,plane
5310,car
5311,bird
5312,horse
5313,frog
5314,truck
5315,plane
5316,cat
5317,truck
5318,horse
5319,dog
5320,ship
5321,truck
5322,plane
5323,car
5324,dog
5325,ship
5326,deer
5327,frog
5328,car
5329,plane
5330,ship
5331,horse
5332,truck
5333,car
5334,dog
5335,cat
5336,frog
5337,dog
5338,ship
5339,horse
5340,dog
5341,ship
5342,frog
5343,cat
5344,cat
5345,dog
5346,cat
5347,car
5348,plane
5349,car
5350,plane
5351,truck
5352,frog
5353,ship
5354,cat
5355,truck
5356,cat
5357,ship
5358,frog
5359,dog
5360,bird
5361,ship
5362,dog
5363,horse
5364,cat
5365,dog
5366,dog
5367,bird
5368,bird
5369,plane
5370,bird
5371,dog
5372,ship
5373,frog
5374,bird
5375,car
5376,bird
5377,plane
5378,frog
5379,ship
5380,bird
5381,dog
5382,truck
5383,ship
5384,truck
5385,car
5386,horse
5387,ship
5388,ship
5389,car
5390,horse
5391,ship
5392,frog
5393,plane
5394,car
5395,car
5396,ship
5397,cat
5398,bird
5399,horse
5400,truck
5401,plane
5402,truck
5403,frog
5404,bird
5405,cat
5406,horse
5407,frog
5408,bird
5409,truck
5410,truck
5411,truck
5412,plane
5413,deer
5414,ship
5415,truck
5416,car
5417,plane
5418,frog
5419,cat
5420,ship
5421,frog
5422,ship
5423,car
5424,car
5425,truck
5426,deer
5427,dog
5428,frog
5429,truck
5430,car
5431,truck
5432,dog
5433,bird
5434,cat
5435,horse
5436,deer
5437,dog
5438,ship
5439,truck
5440,horse
5441,car
5442,frog
5443,ship
5444,frog
5445,deer
5446,frog
5447,plane
5448,cat
5449,bird
5450,truck
5451,truck
5452,cat
5453,deer
5454,truck
5455,truck
5456,deer
5457,truck
5458,truck
5459,horse
5460,car
5461,truck
5462,plane
5463,cat
5464,ship
5465,plane
5466,bird
5467,ship
5468,cat
5469,ship
5470,bird
5471,cat
5472,dog
5473,car
5474,frog
5475,ship
5476,truck
5477,deer
5478,deer
5479,ship
5480,car
5481,cat
5482,car
5483,deer
5484,plane
5485,ship
5486,horse
5487,ship
5488,plane
5489,truck
5490,plane
5491,dog
5492,deer
5493,deer
5494,car
5495,car
5496,deer
5497,plane
5498,ship
5499,dog
5500,plane
5501,car
5502,frog
5503,truck
5504,plane
5505,plane
5506,ship
5507,truck
5508,ship
5509,frog
5510,deer
5511,truck
5512,horse
5513,frog
5514,ship
5515,frog
5516,frog
5517,ship
5518,frog
5519,plane
5520,truck
5521,horse
5522,car
5523,ship
5524,horse
5525,truck
5526,plane
5527,dog
5528,truck
5529,truck
5530,deer
5531,ship
5532,deer
5533,car
5534,plane
5535,car
5536,deer
5537,dog
5538,car
5539,bird
5540,car
5541,car
5542,ship
5543,dog
5544,bird
5545,truck
5546,deer
5547,deer
5548,horse
5549,plane
5550,bird
5551,ship
5552,horse
5553,horse
5554,ship
5555,plane
5556,plane
5557,ship
5558,deer
5559,bird
5560,deer
5561,bird
5562,deer
5563,bird
5564,ship
5565,frog
5566,ship
5567,plane
5568,plane
5569,cat
5570,car
5571,truck
5572,horse
5573,car
5574,car
5575,truck
5576,plane
5577,horse
5578,dog
5579,dog
5580,frog
5581,plane
5582,cat
5583,plane
5584,truck
5585,ship
5586,truck
5587,frog
5588,frog
5589,truck
5590,deer
5591,deer
5592,truck
5593,frog
5594,frog
5595,horse
5596,car
5597,car
5598,dog
5599,dog
5600,dog
5601,cat
5602,ship
5603,car
5604,car
5605,frog
5606,cat
5607,truck
5608,dog
5609,deer
5610,deer
5611,truck
5612,truck
5613,ship
5614,frog
5615,deer
5616,cat
5617,horse
5618,car
5619,frog
5620,ship
5621,plane
5622,deer
5623,plane
5624,frog
5625,bird
5626,ship
5627,bird
5628,frog
5629,dog
5630,ship
5631,plane
5632,car
5633,bird
5634,dog
5635,plane
5636,frog
5637,truck
5638,frog
5639,frog
5640,horse
5641,deer
5642,dog
5643,car
5644,truck
5645,truck
5646,ship
5647,dog
5648,plane
5649,ship
5650,ship
5651,ship
5652,frog
5653,truck
5654,car
5655,frog
5656,ship
5657,ship
5658,frog
5659,cat
5660,frog
5661,ship
5662,deer
5663,deer
5664,frog
5665,truck
5666,cat
5667,plane
5668,cat
5669,frog
5670,plane
5671,frog
5672,frog
5673,plane
5674,deer
5675,deer
5676,bird
5677,frog
5678,ship
5679,car
5680,bird
5681,frog
5682,frog
5683,dog
5684,horse
5685,bird
5686,deer
5687,ship
5688,frog
5689,dog
5690,frog
5691,plane
5692,cat
5693,cat
5694,frog
5695,horse
5696,frog
5697,truck
5698,cat
5699,bird
5700,bird
5701,cat
5702,car
5703,car
5704,truck
5705,cat
5706,plane
5707,horse
5708,truck
5709,car
5710,bird
5711,bird
5712,horse
5713,truck
5714,frog
5715,truck
5716,truck
5717,cat
5718,plane
5719,truck
5720,cat
5721,truck
5722,dog
5723,plane
5724,horse
5725,truck
5726,deer
5727,frog
5728,truck
5729,frog
5730,frog
5731,deer
5732,dog
5733,car
5734,deer
5735,dog
5736,ship
5737,truck
5738,plane
5739,ship
5740,truck
5741,plane
5742,ship
5743,ship
5744,cat
5745,deer
5746,car
5747,ship
5748,car
5749,dog
5750,dog
5751,ship
5752,truck
5753,frog
5754,frog
5755,plane
5756,truck
5757,ship
5758,horse
5759,deer
5760,cat
5761,dog
5762,frog
5763,dog
5764,truck
5765,deer
5766,truck
5767,deer
5768,cat
5769,frog
5770,car
5771,frog
5772,plane
5773,frog
5774,ship
5775,horse
5776,truck
5777,horse
5778,frog
5779,deer
5780,deer
5781,car
5782,deer
5783,horse
5784,bird
5785,plane
5786,bird
5787,bird
5788,deer
5789,car
5790,ship
5791,deer
5792,deer
5793,frog
5794,ship
5795,deer
5796,dog
5797,bird
5798,deer
5799,deer
5800,frog
5801,deer
5802,cat
5803,cat
5804,truck
5805,plane
5806,frog
5807,horse
5808,deer
5809,horse
5810,ship
5811,plane
5812,plane
5813,car
5814,car
5815,cat
5816,truck
5817,ship
5818,plane
5819,ship
5820,car
5821,frog
5822,cat
5823,ship
5824,frog
5825,ship
5826,bird
5827,horse
5828,cat
5829,frog
5830,deer
5831,cat
5832,frog
5833,plane
5834,frog
5835,deer
5836,ship
5837,ship
5838,frog
5839,frog
5840,truck
5841,deer
5842,cat
5843,truck
5844,horse
5845,truck
5846,truck
5847,plane
5848,car
5849,car
5850,frog
5851,plane
5852,plane
5853,cat
5854,bird
5855,car
5856,cat
5857,cat
5858,deer
5859,frog
5860,ship
5861,car
5862,truck
5863,truck
5864,horse
5865,bird
5866,plane
5867,plane
5868,horse
5869,plane
5870,truck
5871,car
5872,truck
5873,car
5874,truck
5875,car
5876,ship
5877,ship
5878,plane
5879,car
5880,frog
5881,horse
5882,cat
5883,cat
5884,cat
5885,bird
5886,deer
5887,dog
5888,dog
5889,ship
5890,truck
5891,plane
5892,ship
5893,bird
5894,ship
5895,frog
5896,frog
5897,deer
5898,frog
5899,horse
5900,truck
5901,plane
5902,ship
5903,deer
5904,dog
5905,dog
5906,horse
5907,truck
5908,dog
5909,frog
5910,plane
5911,dog
5912,horse
5913,car
5914,bird
5915,deer
5916,ship
5917,horse
5918,deer
5919,bird
5920,plane
5921,frog
5922,dog
5923,car
5924,truck
5925,deer
5926,truck
5927,frog
5928,cat
5929,truck
5930,plane
5931,ship
5932,horse
5933,deer
5934,frog
5935,frog
5936,car
5937,dog
5938,ship
5939,ship
5940,ship
5941,deer
5942,plane
5943,truck
5944,car
5945,dog
5946,ship
5947,ship
5948,plane
5949,plane
5950,dog
5951,dog
5952,ship
5953,frog
5954,horse
5955,deer
5956,frog
5957,dog
5958,ship
5959,horse
5960,deer
5961,truck
5962,cat
5963,frog
5964,ship
5965,horse
5966,truck
5967,frog
5968,frog
5969,ship
5970,truck
5971,car
5972,deer
5973,horse
5974,ship
5975,dog
5976,frog
5977,truck
5978,cat
5979,deer
5980,plane
5981,deer
5982,car
5983,frog
5984,ship
5985,dog
5986,ship
5987,plane
5988,deer
5989,ship
5990,plane
5991,dog
5992,dog
5993,ship
5994,dog
5995,bird
5996,car
5997,deer
5998,deer
5999,cat
6000,horse
6001,deer
6002,dog
6003,plane
6004,deer
6005,ship
6006,car
6007,car
6008,cat
6009,dog
6010,cat
6011,dog
6012,ship
6013,frog
6014,car
6015,plane
6016,dog
6017,plane
6018,cat
6019,frog
6020,plane
6021,dog
6022,horse
6023,truck
6024,frog
6025,dog
6026,horse
6027,ship
6028,car
6029,frog
6030,horse
6031,bird
6032,deer
6033,car
6034,dog
6035,dog
6036,deer
6037,frog
6038,frog
6039,truck
6040,ship
6041,bird
6042,cat
6043,plane
6044,dog
6045,dog
6046,truck
6047,truck
6048,frog
6049,dog
6050,plane
6051,ship
6052,bird
6053,frog
6054,cat
6055,horse
6056,frog
6057,horse
6058,horse
6059,car
6060,dog
6061,deer
6062,plane
6063,horse
6064,plane
6065,car
6066,bird
6067,car
6068,dog
6069,frog
6070,frog
6071,frog
6072,dog
6073,deer
6074,frog
6075,frog
6076,frog
6077,dog
6078,truck
6079,plane
6080,horse
6081,dog
6082,dog
6083,dog
6084,frog
6085,frog
6086,truck
6087,plane
6088,truck
6089,deer
6090,truck
6091,plane
6092,car
6093,deer
6094,plane
6095,ship
6096,bird
6097,car
6098,truck
6099,bird
6100,truck
6101,frog
6102,frog
6103,truck
6104,car
6105,frog
6106,plane
6107,truck
6108,dog
6109,car
6110,truck
6111,plane
6112,truck
6113,plane
6114,dog
6115,truck
6116,frog
6117,plane
6118,truck
6119,plane
6120,dog
6121,car
6122,frog
6123,dog
6124,car
6125,deer
6126,dog
6127,ship
6128,plane
6129,plane
6130,car
6131,car
6132,ship
6133,bird
6134,dog
6135,ship
6136,bird
6137,bird
6138,horse
6139,frog
6140,cat
6141,truck
6142,car
6143,frog
6144,deer
6145,frog
6146,deer
6147,deer
6148,car
6149,plane
6150,car
6151,cat
6152,ship
6153,car
6154,ship
6155,dog
6156,ship
6157,cat
6158,cat
6159,plane
6160,plane
6161,frog
6162,frog
6163,horse
6164,car
6165,car
6166,ship
6167,ship
6168,cat
6169,ship
6170,truck
6171,cat
6172,frog
6173,frog
6174,ship
6175,bird
6176,truck
6177,plane
6178,horse
6179,dog
6180,truck
6181,cat
6182,horse
6183,horse
6184,car
6185,dog
6186,plane
6187,dog
6188,plane
6189,horse
6190,ship
6191,horse
6192,frog
6193,truck
6194,dog
6195,dog
6196,bird
6197,dog
6198,truck
6199,plane
6200,frog
6201,deer
6202,cat
6203,horse
6204,ship
6205,frog
6206,dog
6207,deer
6208,deer
6209,cat
6210,ship
6211,horse
6212,dog
6213,frog
6214,horse
6215,frog
6216,ship
6217,dog
6218,truck
6219,plane
6220,dog
6221,dog
6222,car
6223,truck
6224,plane
6225,truck
6226,bird
6227,dog
6228,deer
6229,car
6230,truck
6231,car
6232,bird
6233,deer
6234,plane
6235,car
6236,frog
6237,plane
6238,ship
6239,horse
6240,dog
6241,ship
6242,cat
6243,truck
6244,truck
6245,bird
6246,cat
6247,plane
6248,car
6249,frog
6250,horse
6251,truck
6252,truck
6253,truck
6254,plane
6255,frog
6256,car
6257,frog
6258,car
6259,bird
6260,horse
6261,deer
6262,car
6263,plane
6264,car
6265,deer
6266,car
6267,car
6268,deer
6269,frog
6270,frog
6271,plane
6272,bird
6273,horse
6274,truck
6275,frog
6276,cat
6277,truck
6278,horse
6279,cat
6280,ship
6281,frog
6282,deer
6283,deer
6284,frog
6285,cat
6286,ship
6287,frog
6288,deer
6289,car
6290,frog
6291,car
6292,dog
6293,car
6294,ship
6295,truck
6296,ship
6297,truck
6298,frog
6299,bird
6300,car
6301,plane
6302,dog
6303,frog
6304,plane
6305,frog
6306,truck
6307,car
6308,horse
6309,car
6310,horse
6311,frog
6312,bird
6313,ship
6314,deer
6315,car
6316,truck
6317,ship
6318,car
6319,car
6320,deer
6321,cat
6322,frog
6323,dog
6324,dog
6325,horse
6326,deer
6327,truck
6328,dog
6329,plane
6330,deer
6331,dog
6332,truck
6333,dog
6334,ship
6335,horse
6336,frog
6337,cat
6338,cat
6339,horse
6340,plane
6341,horse
6342,cat
6343,frog
6344,ship
6345,ship
6346,plane
6347,plane
6348,frog
6349,plane
6350,deer
6351,bird
6352,plane
6353,car
6354,cat
6355,plane
6356,car
6357,frog
6358,car
6359,horse
6360,truck
6361,frog
6362,ship
6363,truck
6364,ship
6365,car
6366,car
6367,plane
6368,truck
6369,plane
6370,horse
6371,ship
6372,deer
6373,ship
6374,truck
6375,dog
6376,frog
6377,frog
6378,frog
6379,frog
6380,car
6381,frog
6382,bird
6383,plane
6384,deer
6385,dog
6386,horse
6387,dog
6388,frog
6389,car
6390,plane
6391,ship
6392,truck
6393,car
6394,truck
6395,dog
6396,cat
6397,dog
6398,ship
6399,car
6400,frog
6401,plane
6402,frog
6403,cat
6404,car
6405,deer
6406,frog
6407,cat
6408,plane
6409,truck
6410,plane
6411,bird
6412,deer
6413,truck
6414,dog
6415,frog
6416,truck
6417,car
6418,truck
6419,frog
6420,dog
6421,deer
6422,dog
6423,car
6424,bird
6425,frog
6426,bird
6427,horse
6428,ship
6429,deer
6430,ship
6431,frog
6432,deer
6433,plane
6434,cat
6435,ship
6436,frog
6437,car
6438,frog
6439,frog
6440,ship
6441,deer
6442,cat
6443,horse
6444,horse
6445,cat
6446,cat
6447,bird
6448,frog
6449,ship
6450,ship
6451,ship
6452,deer
6453,deer
6454,deer
6455,dog
6456,dog
6457,car
6458,frog
6459,deer
6460,horse
6461,truck
6462,car
6463,car
6464,car
6465,horse
6466,cat
6467,ship
6468,frog
6469,dog
6470,deer
6471,frog
6472,truck
6473,car
6474,plane
6475,ship
6476,deer
6477,bird
6478,deer
6479,ship
6480,truck
6481,plane
6482,truck
6483,bird
6484,truck
6485,horse
6486,frog
6487,dog
6488,frog
6489,ship
6490,truck
6491,bird
6492,bird
6493,deer
6494,truck
6495,ship
6496,car
6497,deer
6498,frog
6499,horse
6500,car
6501,dog
6502,ship
6503,plane
6504,frog
6505,ship
6506,truck
6507,ship
6508,truck
6509,horse
6510,car
6511,dog
6512,frog
6513,bird
6514,plane
6515,ship
6516,truck
6517,horse
6518,frog
6519,plane
6520,truck
6521,ship
6522,car
6523,dog
6524,frog
6525,ship
6526,bird
6527,frog
6528,car
6529,horse
6530,horse
6531,car
6532,ship
6533,bird
6534,cat
6535,car
6536,truck
6537,truck
6538,deer
6539,truck
6540,car
6541,frog
6542,dog
6543,dog
6544,frog
6545,ship
6546,truck
6547,frog
6548,frog
6549,dog
6550,plane
6551,deer
6552,ship
6553,frog
6554,ship
6555,deer
6556,dog
6557,bird
6558,ship
6559,truck
6560,plane
6561,ship
6562,dog
6563,frog
6564,plane
6565,frog
6566,frog
6567,deer
6568,car
6569,frog
6570,frog
6571,deer
6572,ship
6573,frog
6574,plane
6575,bird
6576,car
6577,truck
6578,car
6579,frog
6580,plane
6581,truck
6582,truck
6583,deer
6584,truck
6585,dog
6586,car
6587,ship
6588,deer
6589,truck
6590,plane
6591,dog
6592,plane
6593,truck
6594,frog
6595,bird
6596,cat
6597,bird
6598,car
6599,ship
6600,car
6601,truck
6602,ship
6603,frog
6604,frog
6605,deer
6606,plane
6607,deer
6608,frog
6609,horse
6610,ship
6611,deer
6612,ship
6613,frog
6614,frog
6615,truck
6616,bird
6617,frog
6618,dog
6619,bird
6620,cat
6621,dog
6622,frog
6623,dog
6624,frog
6625,cat
6626,horse
6627,horse
6628,dog
6629,horse
6630,dog
6631,plane
6632,ship
6633,dog
6634,dog
6635,dog
6636,frog
6637,deer
6638,bird
6639,horse
6640,horse
6641,ship
6642,horse
6643,horse
6644,frog
6645,bird
6646,frog
6647,truck
6648,bird
6649,plane
6650,frog
6651,dog
6652,plane
6653,deer
6654,truck
6655,truck
6656,truck
6657,car
6658,deer
6659,dog
6660,truck
6661,horse
6662,horse
6663,car
6664,dog
6665,dog
6666,ship
6667,plane
6668,frog
6669,ship
6670,dog
6671,dog
6672,dog
6673,deer
6674,car
6675,frog
6676,dog
6677,car
6678,ship
6679,plane
6680,ship
6681,bird
6682,bird
6683,dog
6684,plane
6685,car
6686,frog
6687,cat
6688,bird
6689,ship
6690,deer
6691,deer
6692,ship
6693,truck
6694,frog
6695,deer
6696,dog
6697,ship
6698,ship
6699,ship
6700,ship
6701,plane
6702,frog
6703,truck
6704,ship
6705,plane
6706,ship
6707,frog
6708,dog
6709,plane
6710,plane
6711,plane
6712,dog
6713,plane
6714,plane
6715,frog
6716,deer
6717,frog
6718,frog
6719,bird
6720,horse
6721,plane
6722,plane
6723,ship
6724,dog
6725,dog
6726,bird
6727,bird
6728,deer
6729,deer
6730,car
6731,car
6732,truck
6733,car
6734,deer
6735,truck
6736,horse
6737,horse
6738,dog
6739,deer
6740,cat
6741,ship
6742,ship
6743,dog
6744,truck
6745,plane
6746,frog
6747,horse
6748,horse
6749,horse
6750,truck
6751,dog
6752,plane
6753,deer
6754,ship
6755,ship
6756,horse
6757,truck
6758,car
6759,dog
6760,ship
6761,plane
6762,horse
6763,car
6764,frog
6765,frog
6766,horse
6767,horse
6768,frog
6769,horse
6770,ship
6771,deer
6772,bird
6773,frog
6774,deer
6775,frog
6776,truck
6777,plane
6778,plane
6779,deer
6780,truck
6781,truck
6782,bird
6783,ship
6784,ship
6785,dog
6786,car
6787,horse
6788,plane
6789,deer
6790,truck
6791,car
6792,car
6793,dog
6794,bird
6795,truck
6796,plane
6797,frog
6798,truck
6799,cat
6800,frog
6801,horse
6802,frog
6803,ship
6804,ship
6805,dog
6806,frog
6807,truck
6808,car
6809,frog
6810,ship
6811,deer
6812,cat
6813,bird
6814,truck
6815,frog
6816,truck
6817,horse
6818,cat
6819,horse
6820,bird
6821,ship
6822,ship
6823,bird
6824,ship
6825,frog
6826,bird
6827,horse
6828,bird
6829,frog
6830,frog
6831,deer
6832,car
6833,ship
6834,plane
6835,deer
6836,car
6837,horse
6838,frog
6839,horse
6840,ship
6841,truck
6842,ship
6843,frog
6844,ship
6845,ship
6846,frog
6847,truck
6848,dog
6849,car
6850,plane
6851,ship
6852,frog
6853,truck
6854,horse
6855,deer
6856,frog
6857,plane
6858,horse
6859,truck
6860,frog
6861,truck
6862,cat
6863,deer
6864,horse
6865,frog
6866,dog
6867,ship
6868,ship
6869,horse
6870,ship
6871,horse
6872,plane
6873,deer
6874,deer
6875,plane
6876,frog
6877,dog
6878,ship
6879,dog
6880,deer
6881,bird
6882,frog
6883,car
6884,horse
6885,horse
6886,ship
6887,deer
6888,dog
6889,dog
6890,plane
6891,deer
6892,horse
6893,bird
6894,cat
6895,ship
6896,cat
6897,dog
6898,ship
6899,horse
6900,deer
6901,deer
6902,plane
6903,car
6904,deer
6905,plane
6906,car
6907,truck
6908,car
6909,deer
6910,horse
6911,truck
6912,car
6913,car
6914,frog
6915,bird
6916,deer
6917,deer
6918,frog
6919,horse
6920,plane
6921,truck
6922,cat
6923,cat
6924,plane
6925,ship
6926,frog
6927,bird
6928,cat
6929,cat
6930,truck
6931,deer
6932,horse
6933,car
6934,frog
6935,cat
6936,frog
6937,frog
6938,truck
6939,truck
6940,bird
6941,cat
6942,bird
6943,dog
6944,frog
6945,frog
6946,horse
6947,bird
6948,deer
6949,frog
6950,plane
6951,frog
6952,car
6953,car
6954,car
6955,truck
6956,dog
6957,dog
6958,deer
6959,truck
6960,frog
6961,plane
6962,deer
6963,dog
6964,dog
6965,plane
6966,car
6967,car
6968,plane
6969,truck
6970,truck
6971,ship
6972,frog
6973,car
6974,car
6975,ship
6976,dog
6977,frog
6978,plane
6979,ship
6980,deer
6981,ship
6982,frog
6983,plane
6984,frog
6985,plane
6986,cat
6987,truck
6988,cat
6989,car
6990,horse
6991,car
6992,dog
6993,truck
6994,ship
6995,dog
6996,deer
6997,bird
6998,horse
6999,dog
7000,ship
7001,truck
7002,car
7003,plane
7004,dog
7005,cat
7006,horse
7007,plane
7008,horse
7009,bird
7010,plane
7011,frog
7012,ship
7013,dog
7014,bird
7015,ship
7016,dog
7017,frog
7018,plane
7019,deer
7020,horse
7021,bird
7022,bird
7023,cat
7024,horse
7025,dog
7026,cat
7027,deer
7028,bird
7029,horse
7030,ship
7031,frog
7032,plane
7033,plane
7034,car
7035,bird
7036,dog
7037,dog
7038,deer
7039,frog
7040,frog
7041,dog
7042,horse
7043,car
7044,horse
7045,ship
7046,truck
7047,plane
7048,deer
7049,ship
7050,dog
7051,dog
7052,ship
7053,bird
7054,dog
7055,plane
7056,bird
7057,frog
7058,ship
7059,cat
7060,frog
7061,car
7062,car
7063,deer
7064,car
7065,plane
7066,ship
7067,ship
7068,frog
7069,plane
7070,bird
7071,frog
7072,horse
7073,frog
7074,dog
7075,horse
7076,truck
7077,ship
7078,truck
7079,dog
7080,frog
7081,horse
7082,plane
7083,truck
7084,truck
7085,plane
7086,ship
7087,truck
7088,horse
7089,car
7090,horse
7091,dog
7092,plane
7093,horse
7094,plane
7095,deer
7096,ship
7097,ship
7098,car
7099,frog
7100,ship
7101,plane
7102,car
7103,truck
7104,car
7105,plane
7106,horse
7107,car
7108,ship
7109,car
7110,horse
7111,plane
7112,ship
7113,ship
7114,truck
7115,frog
7116,plane
7117,truck
7118,deer
7119,horse
7120,dog
7121,car
7122,dog
7123,truck
7124,car
7125,frog
7126,truck
7127,car
7128,horse
7129,cat
7130,truck
7131,plane
7132,cat
7133,truck
7134,horse
7135,car
7136,car
7137,plane
7138,dog
7139,ship
7140,car
7141,deer
7142,truck
7143,dog
7144,plane
7145,cat
7146,ship
7147,frog
7148,horse
7149,truck
7150,deer
7151,bird
7152,cat
7153,cat
7154,plane
7155,truck
7156,ship
7157,ship
7158,deer
7159,truck
7160,truck
7161,plane
7162,frog
7163,horse
7164,horse
7165,ship
7166,frog
7167,truck
7168,frog
7169,ship
7170,bird
7171,truck
7172,car
7173,dog
7174,frog
7175,truck
7176,truck
7177,horse
7178,deer
7179,frog
7180,car
7181,truck
7182,truck
7183,plane
7184,ship
7185,frog
7186,frog
7187,dog
7188,dog
7189,frog
7190,dog
7191,truck
7192,deer
7193,deer
7194,car
7195,plane
7196,car
7197,bird
7198,plane
7199,frog
7200,ship
7201,dog
7202,plane
7203,plane
7204,truck
7205,dog
7206,truck
7207,plane
7208,plane
7209,truck
7210,deer
7211,deer
7212,cat
7213,deer
7214,ship
7215,ship
7216,truck
7217,dog
7218,frog
7219,car
7220,frog
7221,horse
7222,frog
7223,car
7224,frog
7225,plane
7226,deer
7227,plane
7228,dog
7229,frog
7230,car
7231,car
7232,plane
7233,cat
7234,frog
7235,horse
7236,horse
7237,ship
7238,ship
7239,cat
7240,plane
7241,deer
7242,bird
7243,cat
7244,bird
7245,horse
7246,plane
7247,bird
7248,car
7249,frog
7250,bird
7251,horse
7252,frog
7253,plane
7254,plane
7255,dog
7256,truck
7257,truck
7258,frog
7259,cat
7260,frog
7261,bird
7262,truck
7263,truck
7264,cat
7265,plane
7266,truck
7267,ship
7268,car
7269,dog
7270,dog
7271,plane
7272,car
7273,plane
7274,car
7275,plane
7276,plane
7277,bird
7278,ship
7279,ship
7280,ship
7281,frog
7282,deer
7283,bird
7284,cat
7285,ship
7286,ship
7287,dog
7288,bird
7289,dog
7290,plane
7291,deer
7292,ship
7293,truck
7294,deer
7295,ship
7296,deer
7297,ship
7298,dog
7299,dog
7300,horse
7301,truck
7302,frog
7303,deer
7304,car
7305,frog
7306,deer
7307,deer
7308,horse
7309,frog
7310,truck
7311,ship
7312,plane
7313,cat
7314,ship
7315,dog
7316,horse
7317,dog
7318,deer
7319,frog
7320,bird
7321,frog
7322,car
7323,car
7324,ship
7325,dog
7326,plane
7327,cat
7328,car
7329,truck
7330,deer
7331,bird
7332,plane
7333,ship
7334,frog
7335,ship
7336,frog
7337,cat
7338,ship
7339,dog
7340,plane
7341,dog
7342,car
7343,deer
7344,dog
7345,frog
7346,bird
7347,frog
7348,car
7349,ship
7350,deer
7351,dog
7352,plane
7353,frog
7354,deer
7355,car
7356,frog
7357,deer
7358,frog
7359,cat
7360,horse
7361,ship
7362,frog
7363,dog
7364,deer
7365,cat
7366,car
7367,bird
7368,bird
7369,dog
7370,deer
7371,horse
7372,deer
7373,truck
7374,frog
7375,dog
7376,frog
7377,horse
7378,ship
7379,frog
7380,bird
7381,ship
7382,car
7383,ship
7384,car
7385,car
7386,dog
7387,deer
7388,cat
7389,cat
7390,deer
7391,horse
7392,cat
7393,plane
7394,frog
7395,car
7396,frog
7397,truck
7398,frog
7399,frog
7400,deer
7401,deer
7402,dog
7403,plane
7404,car
7405,truck
7406,horse
7407,deer
7408,frog
7409,plane
7410,truck
7411,bird
7412,truck
7413,cat
7414,car
7415,frog
7416,dog
7417,car
7418,frog
7419,horse
7420,bird
7421,ship
7422,deer
7423,car
7424,truck
7425,horse
7426,bird
7427,dog
7428,car
7429,cat
7430,horse
7431,ship
7432,frog
7433,frog
7434,ship
7435,car
7436,car
7437,truck
7438,dog
7439,truck
7440,frog
7441,dog
7442,horse
7443,dog
7444,frog
7445,truck
7446,truck
7447,ship
7448,car
7449,bird
7450,frog
7451,dog
7452,dog
7453,ship
7454,ship
7455,frog
7456,dog
7457,ship
7458,ship
7459,bird
7460,plane
7461,deer
7462,frog
7463,cat
7464,deer
7465,horse
7466,dog
7467,bird
7468,horse
7469,ship
7470,bird
7471,cat
7472,ship
7473,truck
7474,plane
7475,frog
7476,car
7477,car
7478,frog
7479,cat
7480,deer
7481,dog
7482,frog
7483,frog
7484,horse
7485,truck
7486,ship
7487,frog
7488,cat
7489,car
7490,deer
7491,bird
7492,dog
7493,truck
7494,frog
7495,plane
7496,deer
7497,cat
7498,frog
7499,horse
7500,deer
7501,dog
7502,dog
7503,cat
7504,ship
7505,truck
7506,horse
7507,dog
7508,deer
7509,cat
7510,ship
7511,truck
7512,car
7513,frog
7514,plane
7515,horse
7516,frog
7517,car
7518,truck
7519,car
7520,plane
7521,cat
7522,car
7523,deer
7524,cat
7525,dog
7526,deer
7527,dog
7528,frog
7529,cat
7530,frog
7531,plane
7532,cat
7533,frog
7534,ship
7535,truck
7536,cat
7537,ship
7538,dog
7539,deer
7540,horse
7541,frog
7542,bird
7543,truck
7544,frog
7545,horse
7546,plane
7547,bird
7548,deer
7549,truck
7550,truck
7551,truck
7552,bird
7553,frog
7554,cat
7555,frog
7556,ship
7557,car
7558,deer
7559,cat
7560,truck
7561,deer
7562,plane
7563,ship
7564,plane
7565,horse
7566,frog
7567,deer
7568,truck
7569,deer
7570,dog
7571,horse
7572,frog
7573,truck
7574,plane
7575,frog
7576,frog
7577,truck
7578,plane
7579,plane
7580,frog
7581,dog
7582,deer
7583,plane
7584,car
7585,deer
7586,horse
7587,frog
7588,deer
7589,cat
7590,frog
7591,bird
7592,bird
7593,car
7594,bird
7595,deer
7596,car
7597,car
7598,frog
7599,frog
7600,truck
7601,frog
7602,frog
7603,ship
7604,truck
7605,bird
7606,truck
7607,car
7608,car
7609,frog
7610,dog
7611,truck
7612,cat
7613,frog
7614,dog
7615,deer
7616,deer
7617,car
7618,horse
7619,frog
7620,car
7621,frog
7622,frog
7623,horse
7624,truck
7625,bird
7626,truck
7627,bird
7628,bird
7629,plane
7630,deer
7631,car
7632,car
7633,car
7634,bird
7635,truck
7636,frog
7637,car
7638,frog
7639,deer
7640,plane
7641,dog
7642,deer
7643,horse
7644,ship
7645,truck
7646,deer
7647,truck
7648,dog
7649,frog
7650,cat
7651,frog
7652,truck
7653,car
7654,dog
7655,plane
7656,dog
7657,ship
7658,horse
7659,dog
7660,bird
7661,deer
7662,dog
7663,truck
7664,deer
7665,truck
7666,frog
7667,dog
7668,car
7669,dog
7670,ship
7671,truck
7672,plane
7673,truck
7674,cat
7675,ship
7676,dog
7677,deer
7678,horse
7679,car
7680,car
7681,truck
7682,frog
7683,car
7684,deer
7685,deer
7686,dog
7687,frog
7688,ship
7689,frog
7690,frog
7691,car
7692,deer
7693,bird
7694,truck
7695,deer
7696,cat
7697,dog
7698,plane
7699,horse
7700,cat
7701,truck
7702,ship
7703,ship
7704,ship
7705,car
7706,bird
7707,dog
7708,deer
7709,ship
7710,car
7711,bird
7712,deer
7713,deer
7714,horse
7715,plane
7716,frog
7717,truck
7718,cat
7719,horse
7720,cat
7721,bird
7722,dog
7723,truck
7724,ship
7725,frog
7726,plane
7727,frog
7728,plane
7729,cat
7730,car
7731,plane
7732,frog
7733,frog
7734,deer
7735,frog
7736,cat
7737,dog
7738,ship
7739,dog
7740,ship
7741,frog
7742,truck
7743,plane
7744,dog
7745,frog
7746,truck
7747,frog
7748,deer
7749,car
7750,truck
7751,plane
7752,ship
7753,ship
7754,cat
7755,frog
7756,truck
7757,frog
7758,deer
7759,horse
7760,horse
7761,deer
7762,truck
7763,ship
7764,dog
7765,frog
7766,frog
7767,horse
7768,horse
7769,plane
7770,ship
7771,truck
7772,plane
7773,truck
7774,cat
7775,horse
7776,horse
7777,dog
7778,plane
7779,cat
7780,frog
7781,cat
7782,ship
7783,dog
7784,horse
7785,frog
7786,truck
7787,truck
7788,truck
7789,frog
7790,cat
7791,plane
7792,deer
7793,ship
7794,deer
7795,dog
7796,horse
7797,deer
7798,truck
7799,ship
7800,ship
7801,truck
7802,frog
7803,deer
7804,frog
7805,frog
7806,bird
7807,ship
7808,bird
7809,truck
7810,plane
7811,truck
7812,deer
7813,horse
7814,horse
7815,frog
7816,frog
7817,truck
7818,cat
7819,car
7820,plane
7821,frog
7822,bird
7823,frog
7824,frog
7825,dog
7826,cat
7827,ship
7828,ship
7829,plane
7830,bird
7831,cat
7832,frog
7833,dog
7834,ship
7835,ship
7836,car
7837,deer
7838,plane
7839,horse
7840,plane
7841,car
7842,frog
7843,frog
7844,dog
7845,dog
7846,ship
7847,deer
7848,bird
7849,dog
7850,bird
7851,ship
7852,frog
7853,car
7854,horse
7855,ship
7856,plane
7857,ship
7858,dog
7859,bird
7860,frog
7861,bird
7862,plane
7863,car
7864,deer
7865,car
7866,ship
7867,dog
7868,ship
7869,cat
7870,ship
7871,truck
7872,horse
7873,car
7874,truck
7875,deer
7876,horse
7877,bird
7878,ship
7879,horse
7880,plane
7881,car
7882,frog
7883,truck
7884,frog
7885,frog
7886,dog
7887,car
7888,cat
7889,truck
7890,bird
7891,frog
7892,car
7893,frog
7894,horse
7895,truck
7896,plane
7897,plane
7898,frog
7899,bird
7900,ship
7901,dog
7902,cat
7903,ship
7904,frog
7905,dog
7906,car
7907,car
7908,ship
7909,cat
7910,truck
7911,frog
7912,dog
7913,bird
7914,frog
7915,horse
7916,ship
7917,plane
7918,horse
7919,truck
7920,ship
7921,truck
7922,bird
7923,car
7924,ship
7925,bird
7926,bird
7927,dog
7928,plane
7929,truck
7930,ship
7931,ship
7932,bird
7933,dog
7934,truck
7935,horse
7936,frog
7937,bird
7938,truck
7939,deer
7940,cat
7941,bird
7942,car
7943,truck
7944,truck
7945,frog
7946,bird
7947,ship
7948,ship
7949,deer
7950,cat
7951,frog
7952,frog
7953,ship
7954,frog
7955,ship
7956,plane
7957,ship
7958,car
7959,cat
7960,plane
7961,plane
7962,deer
7963,car
7964,frog
7965,plane
7966,frog
7967,truck
7968,frog
7969,truck
7970,truck
7971,frog
7972,truck
7973,car
7974,truck
7975,car
7976,cat
7977,car
7978,ship
7979,truck
7980,frog
7981,truck
7982,deer
7983,deer
7984,dog
7985,frog
7986,deer
7987,car
7988,truck
7989,frog
7990,horse
7991,plane
7992,cat
7993,frog
7994,truck
7995,car
7996,frog
7997,horse
7998,car
7999,ship
8000,frog
8001,cat
8002,ship
8003,plane
8004,ship
8005,truck
8006,horse
8007,ship
8008,truck
8009,ship
8010,horse
8011,dog
8012,cat
8013,ship
8014,truck
8015,frog
8016,bird
8017,ship
8018,plane
8019,plane
8020,plane
8021,frog
8022,truck
8023,car
8024,ship
8025,ship
8026,car
8027,cat
8028,cat
8029,truck
8030,bird
8031,dog
8032,dog
8033,frog
8034,bird
8035,car
8036,car
8037,plane
8038,ship
8039,bird
8040,frog
8041,truck
8042,truck
8043,deer
8044,deer
8045,bird
8046,bird
8047,ship
8048,truck
8049,frog
8050,frog
8051,car
8052,frog
8053,cat
8054,truck
8055,truck
8056,cat
8057,cat
8058,frog
8059,bird
8060,plane
8061,cat
8062,plane
8063,cat
8064,bird
8065,ship
8066,frog
8067,deer
8068,horse
8069,ship
8070,bird
8071,dog
8072,dog
8073,frog
8074,dog
8075,truck
8076,truck
8077,ship
8078,frog
8079,bird
8080,truck
8081,ship
8082,cat
8083,cat
8084,ship
8085,car
8086,truck
8087,plane
8088,car
8089,truck
8090,cat
8091,ship
8092,ship
8093,ship
8094,frog
8095,ship
8096,horse
8097,frog
8098,frog
8099,ship
8100,car
8101,frog
8102,frog
8103,frog
8104,truck
8105,frog
8106,truck
8107,frog
8108,frog
8109,truck
8110,ship
8111,truck
8112,ship
8113,car
8114,car
8115,frog
8116,dog
8117,bird
8118,dog
8119,horse
8120,plane
8121,frog
8122,truck
8123,deer
8124,plane
8125,car
8126,ship
8127,cat
8128,car
8129,frog
8130,plane
8131,bird
8132,deer
8133,horse
8134,cat
8135,frog
8136,frog
8137,deer
8138,plane
8139,frog
8140,horse
8141,car
8142,plane
8143,horse
8144,plane
8145,frog
8146,ship
8147,deer
8148,ship
8149,frog
8150,frog
8151,ship
8152,car
8153,car
8154,deer
8155,truck
8156,dog
8157,car
8158,ship
8159,bird
8160,dog
8161,plane
8162,car
8163,frog
8164,dog
8165,frog
8166,car
8167,truck
8168,cat
8169,deer
8170,frog
8171,car
8172,ship
8173,horse
8174,ship
8175,plane
8176,dog
8177,frog
8178,frog
8179,frog
8180,dog
8181,ship
8182,frog
8183,car
8184,ship
8185,horse
8186,frog
8187,dog
8188,car
8189,deer
8190,ship
8191,ship
8192,dog
8193,frog
8194,cat
8195,truck
8196,car
8197,car
8198,bird
8199,ship
8200,deer
8201,cat
8202,car
8203,ship
8204,ship
8205,horse
8206,frog
8207,truck
8208,car
8209,dog
8210,deer
8211,horse
8212,bird
8213,plane
8214,plane
8215,car
8216,dog
8217,ship
8218,frog
8219,truck
8220,car
8221,cat
8222,plane
8223,dog
8224,car
8225,truck
8226,horse
8227,ship
8228,ship
8229,plane
8230,plane
8231,cat
8232,deer
8233,frog
8234,horse
8235,cat
8236,horse
8237,deer
8238,bird
8239,frog
8240,truck
8241,ship
8242,frog
8243,dog
8244,frog
8245,truck
8246,dog
8247,dog
8248,deer
8249,plane
8250,deer
8251,truck
8252,ship
8253,car
8254,truck
8255,deer
8256,ship
8257,horse
8258,horse
8259,deer
8260,cat
8261,frog
8262,deer
8263,truck
8264,ship
8265,truck
8266,cat
8267,bird
8268,bird
8269,ship
8270,plane
8271,horse
8272,car
8273,dog
8274,deer
8275,car
8276,ship
8277,car
8278,cat
8279,plane
8280,plane
8281,cat
8282,ship
8283,ship
8284,car
8285,car
8286,frog
8287,ship
8288,frog
8289,cat
8290,dog
8291,dog
8292,truck
8293,truck
8294,car
8295,plane
8296,deer
8297,deer
8298,frog
8299,bird
8300,horse
8301,plane
8302,ship
8303,deer
8304,frog
8305,plane
8306,plane
8307,car
8308,frog
8309,deer
8310,plane
8311,deer
8312,truck
8313,dog
8314,dog
8315,truck
8316,dog
8317,horse
8318,plane
8319,frog
8320,truck
8321,truck
8322,frog
8323,bird
8324,car
8325,truck
8326,car
8327,car
8328,frog
8329,dog
8330,truck
8331,deer
8332,truck
8333,ship
8334,truck
8335,cat
8336,ship
8337,car
8338,horse
8339,car
8340,horse
8341,car
8342,frog
8343,truck
8344,truck
8345,truck
8346,bird
8347,horse
8348,ship
8349,plane
8350,deer
8351,horse
8352,frog
8353,ship
8354,frog
8355,truck
8356,cat
8357,deer
8358,car
8359,car
8360,ship
8361,frog
8362,horse
8363,ship
8364,dog
8365,frog
8366,ship
8367,car
8368,frog
8369,frog
8370,truck
8371,horse
8372,bird
8373,truck
8374,deer
8375,bird
8376,ship
8377,truck
8378,deer
8379,car
8380,car
8381,truck
8382,ship
8383,truck
8384,deer
8385,dog
8386,frog
8387,bird
8388,deer
8389,frog
8390,frog
8391,ship
8392,truck
8393,ship
8394,ship
8395,deer
8396,truck
8397,plane
8398,deer
8399,deer
8400,ship
8401,frog
8402,frog
8403,cat
8404,deer
8405,car
8406,plane
8407,plane
8408,ship
8409,frog
8410,frog
8411,frog
8412,ship
8413,bird
8414,dog
8415,frog
8416,car
8417,car
8418,plane
8419,bird
8420,bird
8421,plane
8422,ship
8423,plane
8424,car
8425,frog
8426,truck
8427,plane
8428,cat
8429,deer
8430,ship
8431,cat
8432,horse
8433,ship
8434,cat
8435,truck
8436,deer
8437,truck
8438,frog
8439,frog
8440,ship
8441,frog
8442,ship
8443,deer
8444,ship
8445,deer
8446,frog
8447,dog
8448,truck
8449,truck
8450,bird
8451,cat
8452,bird
8453,ship
8454,frog
8455,frog
8456,car
8457,deer
8458,ship
8459,cat
8460,car
8461,car
8462,cat
8463,plane
8464,cat
8465,horse
8466,deer
8467,frog
8468,plane
8469,bird
8470,car
8471,car
8472,frog
8473,cat
8474,deer
8475,plane
8476,frog
8477,frog
8478,deer
8479,plane
8480,deer
8481,horse
8482,ship
8483,bird
8484,ship
8485,plane
8486,frog
8487,frog
8488,car
8489,frog
8490,truck
8491,cat
8492,frog
8493,car
8494,deer
8495,car
8496,frog
8497,frog
8498,plane
8499,plane
8500,ship
8501,horse
8502,ship
8503,deer
8504,ship
8505,plane
8506,car
8507,truck
8508,frog
8509,ship
8510,horse
8511,frog
8512,car
8513,truck
8514,deer
8515,dog
8516,car
8517,ship
8518,bird
8519,deer
8520,bird
8521,bird
8522,deer
8523,frog
8524,deer
8525,car
8526,truck
8527,deer
8528,deer
8529,cat
8530,dog
8531,truck
8532,dog
8533,truck
8534,frog
8535,truck
8536,horse
8537,deer
8538,deer
8539,cat
8540,frog
8541,bird
8542,plane
8543,dog
8544,frog
8545,bird
8546,frog
8547,horse
8548,bird
8549,truck
8550,horse
8551,plane
8552,frog
8553,dog
8554,deer
8555,frog
8556,frog
8557,ship
8558,dog
8559,plane
8560,deer
8561,dog
8562,ship
8563,deer
8564,truck
8565,bird
8566,frog
8567,frog
8568,frog
8569,ship
8570,frog
8571,horse
8572,truck
8573,deer
8574,horse
8575,ship
8576,horse
8577,plane
8578,ship
8579,truck
8580,dog
8581,cat
8582,dog
8583,truck
8584,horse
8585,deer
8586,ship
8587,truck
8588,bird
8589,horse
8590,dog
8591,dog
8592,frog
8593,plane
8594,frog
8595,plane
8596,deer
8597,frog
8598,plane
8599,dog
8600,cat
8601,deer
8602,deer
8603,car
8604,ship
8605,bird
8606,ship
8607,truck
8608,car
8609,cat
8610,bird
8611,plane
8612,dog
8613,cat
8614,ship
8615,car
8616,frog
8617,plane
8618,truck
8619,frog
8620,plane
8621,horse
8622,ship
8623,deer
8624,car
8625,car
8626,frog
8627,frog
8628,truck
8629,horse
8630,dog
8631,car
8632,bird
8633,frog
8634,plane
8635,frog
8636,plane
8637,horse
8638,bird
8639,ship
8640,horse
8641,car
8642,car
8643,car
8644,cat
8645,plane
8646,frog
8647,car
8648,car
8649,ship
8650,frog
8651,ship
8652,plane
8653,plane
8654,ship
8655,plane
8656,deer
8657,plane
8658,car
8659,truck
8660,frog
8661,bird
8662,deer
8663,bird
8664,frog
8665,horse
8666,frog
8667,ship
8668,truck
8669,horse
8670,ship
8671,horse
8672,car
8673,horse
8674,frog
8675,deer
8676,ship
8677,plane
8678,ship
8679,horse
8680,deer
8681,car
8682,ship
8683,dog
8684,ship
8685,ship
8686,frog
8687,car
8688,ship
8689,frog
8690,cat
8691,frog
8692,frog
8693,dog
8694,truck
8695,cat
8696,cat
8697,truck
8698,deer
8699,dog
8700,truck
8701,deer
8702,plane
8703,bird
8704,frog
8705,horse
8706,car
8707,horse
8708,dog
8709,deer
8710,horse
8711,horse
8712,dog
8713,truck
8714,ship
8715,deer
8716,ship
8717,dog
8718,car
8719,frog
8720,truck
8721,bird
8722,plane
8723,horse
8724,frog
8725,cat
8726,ship
8727,dog
8728,truck
8729,car
8730,frog
8731,deer
8732,truck
8733,dog
8734,dog
8735,deer
8736,cat
8737,bird
8738,bird
8739,dog
8740,ship
8741,car
8742,bird
8743,truck
8744,car
8745,deer
8746,plane
8747,plane
8748,horse
8749,plane
8750,deer
8751,car
8752,deer
8753,bird
8754,car
8755,truck
8756,dog
8757,frog
8758,frog
8759,truck
8760,plane
8761,dog
8762,ship
8763,dog
8764,truck
8765,horse
8766,horse
8767,plane
8768,ship
8769,frog
8770,car
8771,deer
8772,car
8773,horse
8774,car
8775,deer
8776,cat
8777,frog
8778,ship
8779,truck
8780,frog
8781,ship
8782,cat
8783,plane
8784,car
8785,car
8786,bird
8787,dog
8788,dog
8789,ship
8790,bird
8791,frog
8792,dog
8793,frog
8794,plane
8795,dog
8796,frog
8797,frog
8798,dog
8799,plane
8800,truck
8801,plane
8802,frog
8803,horse
8804,truck
8805,truck
8806,car
8807,bird
8808,plane
8809,horse
8810,cat
8811,horse
8812,dog
8813,deer
8814,frog
8815,deer
8816,car
8817,horse
8818,deer
8819,deer
8820,frog
8821,truck
8822,frog
8823,cat
8824,deer
8825,cat
8826,horse
8827,cat
8828,deer
8829,dog
8830,dog
8831,ship
8832,plane
8833,plane
8834,plane
8835,plane
8836,cat
8837,deer
8838,truck
8839,ship
8840,ship
8841,frog
8842,frog
8843,frog
8844,deer
8845,bird
8846,car
8847,deer
8848,ship
8849,plane
8850,ship
8851,dog
8852,car
8853,car
8854,frog
8855,bird
8856,truck
8857,plane
8858,truck
8859,deer
8860,deer
8861,truck
8862,frog
8863,car
8864,plane
8865,bird
8866,ship
8867,plane
8868,truck
8869,bird
8870,truck
8871,plane
8872,car
8873,ship
8874,cat
8875,frog
8876,ship
8877,bird
8878,horse
8879,bird
8880,cat
8881,frog
8882,truck
8883,bird
8884,plane
8885,cat
8886,plane
8887,frog
8888,deer
8889,car
8890,plane
8891,deer
8892,deer
8893,car
8894,truck
8895,cat
8896,plane
8897,car
8898,frog
8899,ship
8900,ship
8901,truck
8902,cat
8903,bird
8904,ship
8905,deer
8906,ship
8907,cat
8908,deer
8909,deer
8910,bird
8911,truck
8912,plane
8913,horse
8914,frog
8915,plane
8916,truck
8917,truck
8918,deer
8919,truck
8920,dog
8921,truck
8922,truck
8923,cat
8924,ship
8925,plane
8926,horse
8927,truck
8928,truck
8929,frog
8930,bird
8931,deer
8932,ship
8933,car
8934,frog
8935,horse
8936,plane
8937,frog
8938,plane
8939,truck
8940,cat
8941,cat
8942,frog
8943,car
8944,ship
8945,plane
8946,plane
8947,horse
8948,car
8949,cat
8950,truck
8951,truck
8952,ship
8953,ship
8954,car
8955,frog
8956,ship
8957,dog
8958,car
8959,frog
8960,ship
8961,ship
8962,deer
8963,cat
8964,deer
8965,ship
8966,horse
8967,horse
8968,plane
8969,ship
8970,truck
8971,ship
8972,cat
8973,car
8974,car
8975,frog
8976,frog
8977,deer
8978,truck
8979,bird
8980,deer
8981,plane
8982,plane
8983,bird
8984,bird
8985,cat
8986,car
8987,cat
8988,ship
8989,frog
8990,dog
8991,frog
8992,truck
8993,cat
8994,plane
8995,cat
8996,frog
8997,ship
8998,dog
8999,plane
9000,car
9001,deer
9002,ship
9003,plane
9004,dog
9005,bird
9006,cat
9007,cat
9008,dog
9009,bird
9010,bird
9011,horse
9012,cat
9013,horse
9014,truck
9015,truck
9016,truck
9017,car
9018,car
9019,bird
9020,deer
9021,dog
9022,cat
9023,dog
9024,truck
9025,dog
9026,plane
9027,ship
9028,dog
9029,truck
9030,deer
9031,frog
9032,bird
9033,cat
9034,horse
9035,horse
9036,deer
9037,ship
9038,dog
9039,ship
9040,truck
9041,frog
9042,plane
9043,frog
9044,bird
9045,plane
9046,frog
9047,truck
9048,frog
9049,ship
9050,car
9051,car
9052,plane
9053,dog
9054,cat
9055,deer
9056,deer
9057,deer
9058,frog
9059,horse
9060,truck
9061,deer
9062,plane
9063,deer
9064,ship
9065,plane
9066,horse
9067,cat
9068,plane
9069,frog
9070,deer
9071,horse
9072,car
9073,ship
9074,plane
9075,frog
9076,horse
9077,car
9078,bird
9079,car
9080,ship
9081,plane
9082,truck
9083,ship
9084,car
9085,ship
9086,frog
9087,deer
9088,deer
9089,horse
9090,dog
9091,ship
9092,ship
9093,plane
9094,truck
9095,deer
9096,horse
9097,plane
9098,car
9099,horse
9100,cat
9101,ship
9102,plane
9103,truck
9104,frog
9105,deer
9106,cat
9107,cat
9108,truck
9109,car
9110,car
9111,car
9112,dog
9113,cat
9114,dog
9115,dog
9116,plane
9117,horse
9118,deer
9119,car
9120,plane
9121,ship
9122,cat
9123,car
9124,frog
9125,ship
9126,horse
9127,dog
9128,deer
9129,ship
9130,horse
9131,truck
9132,dog
9133,ship
9134,cat
9135,deer
9136,truck
9137,bird
9138,dog
9139,plane
9140,ship
9141,frog
9142,truck
9143,truck
9144,frog
9145,truck
9146,cat
9147,frog
9148,car
9149,ship
9150,car
9151,plane
9152,car
9153,ship
9154,frog
9155,horse
9156,frog
9157,dog
9158,frog
9159,ship
9160,plane
9161,plane
9162,cat
9163,truck
9164,frog
9165,car
9166,truck
9167,frog
9168,car
9169,ship
9170,truck
9171,cat
9172,dog
9173,car
9174,ship
9175,horse
9176,dog
9177,dog
9178,frog
9179,car
9180,truck
9181,car
9182,frog
9183,truck
9184,cat
9185,car
9186,horse
9187,ship
9188,frog
9189,plane
9190,plane
9191,horse
9192,truck
9193,horse
9194,horse
9195,frog
9196,deer
9197,ship
9198,plane
9199,ship
9200,plane
9201,ship
9202,cat
9203,ship
9204,frog
9205,plane
9206,deer
9207,cat
9208,deer
9209,deer
9210,cat
9211,frog
9212,dog
9213,frog
9214,car
9215,cat
9216,ship
9217,truck
9218,dog
9219,deer
9220,plane
9221,frog
9222,frog
9223,truck
9224,plane
9225,deer
9226,truck
9227,ship
9228,ship
9229,bird
9230,frog
9231,frog
9232,frog
9233,deer
9234,car
9235,truck
9236,car
9237,plane
9238,truck
9239,ship
9240,truck
9241,deer
9242,ship
9243,truck
9244,plane
9245,horse
9246,ship
9247,frog
9248,frog
9249,deer
9250,plane
9251,cat
9252,ship
9253,frog
9254,horse
9255,frog
9256,truck
9257,car
9258,truck
9259,deer
9260,ship
9261,dog
9262,truck
9263,car
9264,plane
9265,car
9266,plane
9267,ship
9268,frog
9269,deer
9270,frog
9271,horse
9272,cat
9273,plane
9274,deer
9275,frog
9276,cat
9277,car
9278,ship
9279,car
9280,car
9281,dog
9282,truck
9283,horse
9284,deer
9285,ship
9286,car
9287,plane
9288,horse
9289,frog
9290,plane
9291,deer
9292,truck
9293,frog
9294,deer
9295,dog
9296,horse
9297,deer
9298,deer
9299,cat
9300,truck
9301,horse
9302,horse
9303,frog
9304,horse
9305,truck
9306,dog
9307,cat
9308,car
9309,bird
9310,ship
9311,frog
9312,deer
9313,plane
9314,car
9315,frog
9316,car
9317,truck
9318,truck
9319,horse
9320,cat
9321,ship
9322,dog
9323,dog
9324,truck
9325,deer
9326,bird
9327,frog
9328,horse
9329,dog
9330,car
9331,truck
9332,car
9333,dog
9334,plane
9335,horse
9336,cat
9337,deer
9338,frog
9339,dog
9340,car
9341,plane
9342,truck
9343,plane
9344,frog
9345,deer
9346,frog
9347,car
9348,deer
9349,cat
9350,truck
9351,frog
9352,car
9353,cat
9354,truck
9355,truck
9356,dog
9357,frog
9358,frog
9359,car
9360,ship
9361,plane
9362,cat
9363,truck
9364,ship
9365,deer
9366,plane
9367,bird
9368,deer
9369,plane
9370,frog
9371,dog
9372,cat
9373,ship
9374,plane
9375,ship
9376,dog
9377,ship
9378,car
9379,truck
9380,truck
9381,frog
9382,horse
9383,truck
9384,ship
9385,bird
9386,ship
9387,deer
9388,car
9389,ship
9390,deer
9391,frog
9392,dog
9393,bird
9394,deer
9395,ship
9396,truck
9397,plane
9398,cat
9399,ship
9400,car
9401,deer
9402,car
9403,truck
9404,dog
9405,dog
9406,ship
9407,cat
9408,ship
9409,dog
9410,car
9411,truck
9412,horse
9413,cat
9414,car
9415,cat
9416,deer
9417,dog
9418,frog
9419,truck
9420,car
9421,bird
9422,cat
9423,deer
9424,car
9425,frog
9426,plane
9427,plane
9428,truck
9429,truck
9430,dog
9431,ship
9432,dog
9433,frog
9434,horse
9435,truck
9436,truck
9437,horse
9438,ship
9439,frog
9440,cat
9441,frog
9442,truck
9443,car
9444,bird
9445,plane
9446,plane
9447,cat
9448,horse
9449,plane
9450,frog
9451,deer
9452,dog
9453,plane
9454,dog
9455,truck
9456,bird
9457,deer
9458,car
9459,plane
9460,deer
9461,dog
9462,horse
9463,bird
9464,frog
9465,deer
9466,deer
9467,dog
9468,car
9469,dog
9470,plane
9471,car
9472,deer
9473,ship
9474,ship
9475,car
9476,ship
9477,deer
9478,frog
9479,ship
9480,ship
9481,plane
9482,frog
9483,plane
9484,truck
9485,frog
9486,frog
9487,bird
9488,truck
9489,deer
9490,frog
9491,bird
9492,truck
9493,deer
9494,ship
9495,truck
9496,cat
9497,horse
9498,plane
9499,bird
9500,truck
9501,horse
9502,horse
9503,horse
9504,plane
9505,ship
9506,dog
9507,cat
9508,deer
9509,truck
9510,truck
9511,dog
9512,dog
9513,dog
9514,horse
9515,truck
9516,frog
9517,frog
9518,deer
9519,dog
9520,dog
9521,dog
9522,plane
9523,car
9524,frog
9525,truck
9526,cat
9527,truck
9528,plane
9529,car
9530,truck
9531,bird
9532,truck
9533,plane
9534,frog
9535,ship
9536,ship
9537,ship
9538,horse
9539,dog
9540,deer
9541,horse
9542,horse
9543,dog
9544,plane
9545,frog
9546,truck
9547,plane
9548,truck
9549,car
9550,plane
9551,truck
9552,bird
9553,deer
9554,deer
9555,plane
9556,dog
9557,deer
9558,frog
9559,truck
9560,truck
9561,cat
9562,frog
9563,car
9564,frog
9565,truck
9566,truck
9567,bird
9568,deer
9569,deer
9570,bird
9571,ship
9572,dog
9573,plane
9574,dog
9575,truck
9576,deer
9577,dog
9578,deer
9579,ship
9580,frog
9581,ship
9582,car
9583,deer
9584,deer
9585,truck
9586,frog
9587,horse
9588,frog
9589,truck
9590,bird
9591,plane
9592,frog
9593,plane
9594,plane
9595,car
9596,bird
9597,dog
9598,frog
9599,dog
9600,dog
9601,frog
9602,frog
9603,dog
9604,frog
9605,car
9606,dog
9607,plane
9608,dog
9609,horse
9610,frog
9611,ship
9612,frog
9613,plane
9614,truck
9615,frog
9616,plane
9617,car
9618,bird
9619,horse
9620,deer
9621,horse
9622,truck
9623,truck
9624,deer
9625,ship
9626,frog
9627,plane
9628,horse
9629,frog
9630,frog
9631,bird
9632,truck
9633,plane
9634,deer
9635,car
9636,truck
9637,dog
9638,frog
9639,car
9640,bird
9641,horse
9642,deer
9643,cat
9644,ship
9645,truck
9646,car
9647,bird
9648,plane
9649,bird
9650,horse
9651,deer
9652,plane
9653,horse
9654,frog
9655,plane
9656,car
9657,dog
9658,frog
9659,dog
9660,cat
9661,deer
9662,deer
9663,cat
9664,plane
9665,car
9666,cat
9667,cat
9668,deer
9669,deer
9670,car
9671,ship
9672,truck
9673,frog
9674,cat
9675,car
9676,cat
9677,car
9678,frog
9679,dog
9680,horse
9681,bird
9682,dog
9683,truck
9684,truck
9685,plane
9686,dog
9687,truck
9688,horse
9689,horse
9690,bird
9691,truck
9692,truck
9693,deer
9694,frog
9695,frog
9696,frog
9697,car
9698,truck
9699,frog
9700,car
9701,horse
9702,dog
9703,plane
9704,deer
9705,plane
9706,ship
9707,cat
9708,horse
9709,ship
9710,car
9711,truck
9712,ship
9713,cat
9714,deer
9715,horse
9716,bird
9717,ship
9718,plane
9719,horse
9720,ship
9721,cat
9722,car
9723,frog
9724,ship
9725,truck
9726,dog
9727,ship
9728,truck
9729,horse
9730,plane
9731,plane
9732,car
9733,plane
9734,dog
9735,ship
9736,frog
9737,deer
9738,car
9739,horse
9740,dog
9741,plane
9742,cat
9743,car
9744,dog
9745,plane
9746,frog
9747,bird
9748,deer
9749,ship
9750,cat
9751,plane
9752,ship
9753,cat
9754,deer
9755,dog
9756,deer
9757,car
9758,plane
9759,horse
9760,horse
9761,car
9762,truck
9763,horse
9764,car
9765,truck
9766,frog
9767,car
9768,bird
9769,frog
9770,car
9771,ship
9772,ship
9773,ship
9774,ship
9775,ship
9776,horse
9777,truck
9778,frog
9779,ship
9780,frog
9781,plane
9782,frog
9783,deer
9784,plane
9785,dog
9786,bird
9787,car
9788,truck
9789,car
9790,dog
9791,car
9792,truck
9793,ship
9794,frog
9795,car
9796,deer
9797,dog
9798,frog
9799,horse
9800,horse
9801,car
9802,dog
9803,dog
9804,deer
9805,truck
9806,truck
9807,dog
9808,truck
9809,frog
9810,deer
9811,horse
9812,deer
9813,truck
9814,car
9815,frog
9816,ship
9817,frog
9818,ship
9819,car
9820,dog
9821,horse
9822,car
9823,ship
9824,frog
9825,ship
9826,ship
9827,frog
9828,ship
9829,car
9830,car
9831,car
9832,truck
9833,car
9834,ship
9835,frog
9836,deer
9837,cat
9838,car
9839,car
9840,bird
9841,ship
9842,dog
9843,truck
9844,car
9845,ship
9846,horse
9847,frog
9848,frog
9849,plane
9850,dog
9851,plane
9852,frog
9853,horse
9854,truck
9855,dog
9856,ship
9857,cat
9858,ship
9859,deer
9860,ship
9861,ship
9862,truck
9863,car
9864,bird
9865,horse
9866,frog
9867,ship
9868,car
9869,plane
9870,ship
9871,car
9872,truck
9873,dog
9874,bird
9875,ship
9876,car
9877,ship
9878,cat
9879,truck
9880,plane
9881,cat
9882,bird
9883,plane
9884,deer
9885,ship
9886,car
9887,deer
9888,dog
9889,car
9890,cat
9891,car
9892,dog
9893,bird
9894,frog
9895,bird
9896,frog
9897,deer
9898,deer
9899,frog
9900,truck
9901,frog
9902,truck
9903,ship
9904,frog
9905,horse
9906,frog
9907,ship
9908,frog
9909,cat
9910,car
9911,ship
9912,horse
9913,dog
9914,dog
9915,truck
9916,truck
9917,dog
9918,cat
9919,plane
9920,dog
9921,cat
9922,bird
9923,frog
9924,frog
9925,dog
9926,horse
9927,truck
9928,dog
9929,bird
9930,frog
9931,truck
9932,car
9933,truck
9934,truck
9935,frog
9936,ship
9937,deer
9938,bird
9939,bird
9940,car
9941,car
9942,truck
9943,bird
9944,ship
9945,frog
9946,truck
9947,bird
9948,dog
9949,truck
9950,ship
9951,truck
9952,ship
9953,car
9954,dog
9955,bird
9956,car
9957,ship
9958,car
9959,frog
9960,deer
9961,deer
9962,frog
9963,horse
9964,car
9965,car
9966,bird
9967,frog
9968,frog
9969,truck
9970,car
9971,ship
9972,horse
9973,truck
9974,car
9975,ship
9976,frog
9977,deer
9978,truck
9979,bird
9980,ship
9981,car
9982,dog
9983,frog
9984,cat
9985,plane
9986,ship
9987,plane
9988,frog
9989,cat
9990,ship
9991,cat
9992,dog
9993,frog
9994,horse
9995,dog
9996,horse
9997,cat
9998,car
9999,horse
10000,truck
